image_name,cell_id,mean_intensity,std_intensity,edge_density
download (1).jpeg,1,42.00909090909091,25.33388990979144,0.14393939393939395
download (1).jpeg,2,56.88939393939394,34.561603449001375,0.28484848484848485
download (1).jpeg,3,114.7530303030303,39.80723902377621,0.38484848484848483
download (1).jpeg,4,87.05757575757576,33.09041361045413,0.3
download (1).jpeg,5,40.231818181818184,24.87055980831681,0.18636363636363637
download (1).jpeg,6,29.936363636363637,16.99471073120886,0.07878787878787878
download (1).jpeg,7,40.21666666666667,24.54624629287963,0.21666666666666667
download (1).jpeg,8,36.0469696969697,25.38812487673435,0.21818181818181817
download (1).jpeg,9,51.192424242424245,37.0509183242265,0.2696969696969697
download (1).jpeg,10,86.35606060606061,43.097833133984956,0.37575757575757573
download (1).jpeg,11,110.3378787878788,48.671310276027164,0.3878787878787879
download (1).jpeg,12,144.5090909090909,43.89683058646934,0.403030303030303
download (1).jpeg,13,123.43484848484849,47.66458246902767,0.3803030303030303
download (1).jpeg,14,51.20151515151515,40.41587219122017,0.29393939393939394
download (1).jpeg,15,48.32575757575758,36.71963726386353,0.2863636363636364
download (1).jpeg,16,52.59090909090909,33.96365136914859,0.31212121212121213
download (1).jpeg,17,66.30909090909091,41.49547155750388,0.3
download (1).jpeg,18,92.21515151515152,38.81118724388721,0.34545454545454546
download (1).jpeg,19,106.80454545454545,38.43388235232262,0.34393939393939393
download (1).jpeg,20,118.65,50.121884018617635,0.37575757575757573
download (1).jpeg,21,105.02727272727273,33.006783258094565,0.33636363636363636
download (1).jpeg,22,52.75454545454546,37.56534178709502,0.22575757575757577
download (1).jpeg,23,39.89090909090909,33.91589744019099,0.17727272727272728
download (1).jpeg,24,34.01060606060606,17.476691219917083,0.13484848484848486
download (1).jpeg,25,54.14090909090909,31.486646892085652,0.2606060606060606
download (1).jpeg,26,142.1969696969697,43.13035902476517,0.35
download (1).jpeg,27,167.78181818181818,50.36164037178137,0.19696969696969696
download (1).jpeg,28,71.08333333333333,30.25859298604199,0.36666666666666664
download (1).jpeg,29,71.57878787878788,28.745458219129713,0.29393939393939394
download (1).jpeg,30,43.36969696969697,24.807922547450318,0.15
download (1).jpeg,31,25.96212121212121,11.624429150552585,0.05606060606060606
download (1).jpeg,32,21.704545454545453,12.19161326011851,0.04696969696969697
download (1).jpeg,33,37.81212121212121,14.404581711675558,0.08181818181818182
download (1).jpeg,34,75.89090909090909,37.569252125031184,0.24696969696969698
download (1).jpeg,35,79.68787878787879,43.187429832075665,0.30303030303030304
download (1).jpeg,36,59.29848484848485,26.83146610720129,0.34393939393939393
download (1).jpeg,37,63.77424242424242,23.30455028143685,0.24393939393939393
download (1).jpeg,38,56.487878787878785,25.920651151283217,0.22121212121212122
download (1).jpeg,39,25.993939393939392,10.621160679424124,0.015151515151515152
download (1).jpeg,40,19.169696969696968,6.739637830773313,0.0
download (1).jpeg,41,28.846969696969698,12.496032336329675,0.0
download (1).jpeg,42,49.403030303030306,24.302475056001324,0.2803030303030303
download (1).jpeg,43,37.02424242424242,22.236184410850523,0.1787878787878788
download (1).jpeg,44,37.906060606060606,16.193815493537993,0.12121212121212122
download (1).jpeg,45,49.61969696969697,23.0333599944829,0.25606060606060604
download (1).jpeg,46,51.056060606060605,22.74186253924473,0.20454545454545456
download (1).jpeg,47,39.56666666666667,24.294408468375657,0.07878787878787878
download (1).jpeg,48,33.337878787878786,18.828075950168344,0.051515151515151514
download (1).jpeg,49,24.766666666666666,9.629820057687182,0.0
download (1).jpeg,50,29.79090909090909,14.50533577137118,0.045454545454545456
download (1).jpeg,51,48.74090909090909,24.994384079972644,0.08484848484848485
download (1).jpeg,52,53.36060606060606,12.135983045521092,0.048484848484848485
download (1).jpeg,53,62.54242424242424,14.00929410769065,0.11818181818181818
download (1).jpeg,54,50.72727272727273,15.81488123001748,0.04393939393939394
download (1).jpeg,55,56.08181818181818,32.23981121218369,0.23484848484848486
download (1).jpeg,56,58.00757575757576,32.407746972290724,0.23333333333333334
download (1).jpeg,57,54.65151515151515,36.462763249168624,0.1393939393939394
download (1).jpeg,58,82.73333333333333,36.4205874735594,0.23787878787878788
download (1).jpeg,59,53.233333333333334,20.82212061896451,0.045454545454545456
download (1).jpeg,60,58.127272727272725,20.438500104004145,0.09696969696969697
download (1).jpeg,61,50.595454545454544,10.815322069178295,0.02878787878787879
download (1).jpeg,62,45.18787878787879,10.159389076590681,0.0
download (1).jpeg,63,49.342424242424244,18.807905016049652,0.09545454545454546
download (1).jpeg,64,71.87424242424242,40.44484763457089,0.20454545454545456
download (2).jpeg,1,124.50940438871473,50.55713803438956,0.3573667711598746
download (2).jpeg,2,138.98902821316614,39.011511105597414,0.39655172413793105
download (2).jpeg,3,126.71316614420063,44.558202391034115,0.4059561128526646
download (2).jpeg,4,93.55329153605015,45.23047368040576,0.3401253918495298
download (2).jpeg,5,108.50626959247649,38.43651841872551,0.38087774294670845
download (2).jpeg,6,110.10031347962382,36.469929639729344,0.4106583072100313
download (2).jpeg,7,131.8025078369906,44.11581928234058,0.38557993730407525
download (2).jpeg,8,97.91065830721003,34.89720478884331,0.329153605015674
download (2).jpeg,9,113.13949843260188,51.3740140306047,0.3448275862068966
download (2).jpeg,10,143.73667711598745,49.657443505898634,0.35893416927899685
download (2).jpeg,11,144.2742946708464,48.26232846268859,0.3667711598746082
download (2).jpeg,12,89.94514106583073,38.46822325671787,0.3793103448275862
download (2).jpeg,13,96.58150470219435,35.42998884186414,0.3824451410658307
download (2).jpeg,14,114.23510971786834,39.0075294866184,0.390282131661442
download (2).jpeg,15,110.73354231974922,38.93436930473255,0.4153605015673981
download (2).jpeg,16,89.54858934169279,37.27866748871506,0.27899686520376177
download (2).jpeg,17,94.10971786833856,45.01592055101392,0.2852664576802508
download (2).jpeg,18,129.7257053291536,41.47377081065648,0.38087774294670845
download (2).jpeg,19,131.78056426332287,55.246856660279605,0.3714733542319749
download (2).jpeg,20,101.42633228840126,42.209323830278706,0.3887147335423197
download (2).jpeg,21,124.19592476489028,38.43792596734969,0.35893416927899685
download (2).jpeg,22,112.45141065830721,35.95752443982711,0.384012539184953
download (2).jpeg,23,105.83699059561128,35.92161108118096,0.3683385579937304
download (2).jpeg,24,63.658307210031346,21.202394988475117,0.19905956112852666
download (2).jpeg,25,87.06739811912226,37.61077894172436,0.2962382445141066
download (2).jpeg,26,122.04858934169279,43.84003934457839,0.3605015673981191
download (2).jpeg,27,135.16927899686522,50.74389747994409,0.38087774294670845
download (2).jpeg,28,90.46394984326018,41.942016080839316,0.35893416927899685
download (2).jpeg,29,117.88871473354232,35.335585505978024,0.4122257053291536
download (2).jpeg,30,98.9012539184953,39.571386606058184,0.3652037617554859
download (2).jpeg,31,84.97805642633229,39.687645890729186,0.32445141065830724
download (2).jpeg,32,60.294670846394986,21.713675460585787,0.30250783699059564
download (2).jpeg,33,86.42163009404389,39.881595552340606,0.33699059561128525
download (2).jpeg,34,111.99843260188088,53.15074378540137,0.3213166144200627
download (2).jpeg,35,101.43103448275862,48.37672931981033,0.329153605015674
download (2).jpeg,36,98.34169278996865,41.958023339122064,0.38557993730407525
download (2).jpeg,37,126.1332288401254,47.18774074942989,0.384012539184953
download (2).jpeg,38,104.72727272727273,44.40453366977658,0.3683385579937304
download (2).jpeg,39,77.84012539184953,35.21705407597177,0.31504702194357365
download (2).jpeg,40,46.470219435736674,16.97550024051715,0.17711598746081506
download (2).jpeg,41,65.47021943573668,34.82506515822665,0.30407523510971785
download (2).jpeg,42,81.64576802507837,38.67625338801931,0.3605015673981191
download (2).jpeg,43,81.11128526645768,45.14850276708903,0.30877742946708464
download (2).jpeg,44,66.24608150470219,30.333681508542536,0.34796238244514105
download (2).jpeg,45,118.08934169278997,53.3174074440724,0.36363636363636365
download (2).jpeg,46,118.00940438871473,33.927544583471246,0.38087774294670845
download (2).jpeg,47,80.64733542319749,23.961229475517328,0.3181818181818182
download (2).jpeg,48,61.43260188087774,20.64396660479907,0.26489028213166144
download (2).jpeg,49,66.07680250783699,31.67644113045852,0.2664576802507837
download (2).jpeg,50,80.10031347962382,41.40017226080846,0.31504702194357365
download (2).jpeg,51,133.48746081504703,50.113122811081716,0.390282131661442
download (2).jpeg,52,172.57523510971788,61.95771498579767,0.3338557993730408
download (2).jpeg,53,156.06426332288402,48.50143592877671,0.32601880877742945
download (2).jpeg,54,85.73824451410658,24.735252939561786,0.34796238244514105
download (2).jpeg,55,79.15203761755485,27.104241254225084,0.329153605015674
download (2).jpeg,56,70.14263322884013,25.85242724233112,0.3871473354231975
download (2).jpeg,57,89.58463949843261,30.3693287329726,0.3213166144200627
download (2).jpeg,58,113.11598746081505,38.5135528994701,0.35266457680250785
download (2).jpeg,59,136.06112852664577,44.49237573352257,0.2962382445141066
download (2).jpeg,60,171.61442006269593,30.862602465334405,0.30250783699059564
download (2).jpeg,61,161.67868338557994,36.28481746135469,0.3495297805642633
download (2).jpeg,62,83.4858934169279,36.218843989537866,0.29310344827586204
download (2).jpeg,63,78.44670846394985,27.821353746277484,0.3652037617554859
download (2).jpeg,64,64.05956112852665,24.99817349682368,0.33699059561128525
download (3).jpeg,1,40.095454545454544,24.49480422220797,0.1303030303030303
download (3).jpeg,2,52.63333333333333,19.928632768968473,0.17727272727272728
download (3).jpeg,3,68.03787878787878,30.30416645597381,0.2863636363636364
download (3).jpeg,4,106.60757575757576,32.18773910464205,0.3575757575757576
download (3).jpeg,5,63.42272727272727,34.81015741459165,0.20909090909090908
download (3).jpeg,6,40.662121212121214,13.699461006335085,0.06666666666666667
download (3).jpeg,7,56.58030303030303,30.154469590291402,0.15151515151515152
download (3).jpeg,8,42.343939393939394,16.46948168296191,0.045454545454545456
download (3).jpeg,9,46.36060606060606,27.5821685854306,0.14696969696969697
download (3).jpeg,10,76.47121212121212,28.914619690808586,0.3196969696969697
download (3).jpeg,11,62.157575757575756,22.35246620930675,0.2318181818181818
download (3).jpeg,12,75.31969696969696,34.2099919822166,0.2803030303030303
download (3).jpeg,13,56.68636363636364,22.866545540563788,0.12727272727272726
download (3).jpeg,14,46.21515151515152,19.282880163535882,0.1409090909090909
download (3).jpeg,15,70.4530303030303,30.906151783908506,0.2696969696969697
download (3).jpeg,16,37.06515151515151,14.671772448999642,0.02878787878787879
download (3).jpeg,17,31.196969696969695,14.311808746805637,0.06060606060606061
download (3).jpeg,18,59.4560606060606,27.98678599878488,0.19090909090909092
download (3).jpeg,19,50.02121212121212,17.01415199849031,0.10454545454545454
download (3).jpeg,20,61.24848484848485,34.56415310003266,0.25303030303030305
download (3).jpeg,21,81.24242424242425,33.20782155313514,0.25
download (3).jpeg,22,72.14090909090909,23.2360057413041,0.25757575757575757
download (3).jpeg,23,50.734848484848484,21.274347851160908,0.09545454545454546
download (3).jpeg,24,41.20757575757576,17.137791047910362,0.06515151515151515
download (3).jpeg,25,30.88030303030303,10.046373078349458,0.05606060606060606
download (3).jpeg,26,69.22575757575757,36.98532391411679,0.23787878787878788
download (3).jpeg,27,61.946969696969695,25.251256912592456,0.2409090909090909
download (3).jpeg,28,63.915151515151514,28.601315091740855,0.2606060606060606
download (3).jpeg,29,74.66666666666667,33.52341259357692,0.21818181818181817
download (3).jpeg,30,52.52121212121212,24.450962149696963,0.16363636363636364
download (3).jpeg,31,45.18939393939394,15.570043389401393,0.05303030303030303
download (3).jpeg,32,51.57121212121212,21.988414753666238,0.14393939393939395
download (3).jpeg,33,24.224242424242423,9.642300439180076,0.0
download (3).jpeg,34,76.6621212121212,43.93048318737476,0.22272727272727272
download (3).jpeg,35,79.06515151515151,42.856388061808424,0.24393939393939393
download (3).jpeg,36,61.15909090909091,32.08847370362291,0.23787878787878788
download (3).jpeg,37,78.03030303030303,39.297879384905706,0.23333333333333334
download (3).jpeg,38,53.448484848484846,25.704829415502324,0.19696969696969696
download (3).jpeg,39,54.57575757575758,26.93244107023789,0.1787878787878788
download (3).jpeg,40,43.93333333333333,20.828050239224908,0.10151515151515152
download (3).jpeg,41,33.448484848484846,34.53674478187773,0.05
download (3).jpeg,42,102.35151515151514,33.255221701735636,0.3
download (3).jpeg,43,63.0469696969697,28.605613560644002,0.22272727272727272
download (3).jpeg,44,53.587878787878786,26.708184622012208,0.1787878787878788
download (3).jpeg,45,62.666666666666664,32.81441540826011,0.11212121212121212
download (3).jpeg,46,62.196969696969695,34.903468481361344,0.28484848484848485
download (3).jpeg,47,53.95757575757576,28.948146225287456,0.17272727272727273
download (3).jpeg,48,62.557575757575755,27.68482825186333,0.17727272727272728
download (3).jpeg,49,31.912121212121214,25.393536013285644,0.05
download (3).jpeg,50,97.59848484848484,28.66157279843647,0.2681818181818182
download (3).jpeg,51,91.21969696969697,31.014980347709052,0.2515151515151515
download (3).jpeg,52,74.39545454545454,40.08770283681496,0.19242424242424241
download (3).jpeg,53,38.86363636363637,12.46751702289808,0.01818181818181818
download (3).jpeg,54,51.81818181818182,21.98105871310025,0.16363636363636364
download (3).jpeg,55,50.277272727272724,28.030617975298636,0.09696969696969697
download (3).jpeg,56,38.03484848484848,16.93204772402199,0.048484848484848485
download (3).jpeg,57,23.436363636363637,7.815323649507835,0.0
download (3).jpeg,58,40.93333333333333,11.805434461648705,0.0
download (3).jpeg,59,69.36515151515151,15.916305651221446,0.0
download (3).jpeg,60,55.46666666666667,11.596647024990553,0.0
download (3).jpeg,61,33.43787878787879,16.328746404327024,0.0
download (3).jpeg,62,32.46515151515152,13.897143726857038,0.0
download (3).jpeg,63,40.14090909090909,20.052956233907466,0.012121212121212121
download (3).jpeg,64,21.812121212121212,16.061279574214044,0.024242424242424242
download (4).jpeg,1,10.584444444444445,5.8782633699855245,0.0
download (4).jpeg,2,35.64888888888889,18.529167664009837,0.017777777777777778
download (4).jpeg,3,66.41111111111111,17.942311534745922,0.16
download (4).jpeg,4,71.41777777777777,21.00854100269051,0.10666666666666667
download (4).jpeg,5,72.98666666666666,23.23320994706595,0.07111111111111111
download (4).jpeg,6,78.74444444444444,9.754043162949987,0.04
download (4).jpeg,7,78.42444444444445,2.6076516089347987,0.0
download (4).jpeg,8,77.97333333333333,3.491475332864318,0.0
download (4).jpeg,9,14.695555555555556,6.9434687314548595,0.0
download (4).jpeg,10,36.026666666666664,15.804899381028797,0.024444444444444446
download (4).jpeg,11,71.99555555555555,21.807032051922615,0.3333333333333333
download (4).jpeg,12,74.13111111111111,43.17456206930816,0.3844444444444444
download (4).jpeg,13,122.45111111111112,56.867124352289565,0.4066666666666667
download (4).jpeg,14,100.7311111111111,33.62394862278454,0.28
download (4).jpeg,15,73.68,4.066644808684427,0.0
download (4).jpeg,16,68.88888888888889,3.9850956894811183,0.0
download (4).jpeg,17,15.815555555555555,5.554915963182944,0.0
download (4).jpeg,18,35.25333333333333,12.496854715398502,0.04888888888888889
download (4).jpeg,19,71.9,18.45815086441037,0.22444444444444445
download (4).jpeg,20,66.24666666666667,43.498444927504146,0.2822222222222222
download (4).jpeg,21,133.22222222222223,43.9815056530148,0.3111111111111111
download (4).jpeg,22,85.62,30.35325426448447,0.14888888888888888
download (4).jpeg,23,74.25111111111111,5.674626653298082,0.0
download (4).jpeg,24,72.64222222222222,3.847480496745826,0.0
download (4).jpeg,25,14.557777777777778,5.55877639968801,0.0
download (4).jpeg,26,36.946666666666665,9.221559280054299,0.0
download (4).jpeg,27,68.22666666666667,22.03789060282817,0.16444444444444445
download (4).jpeg,28,61.257777777777775,37.83807893226016,0.3844444444444444
download (4).jpeg,29,124.58444444444444,45.342383682650514,0.37555555555555553
download (4).jpeg,30,83.98,30.594510037659443,0.28
download (4).jpeg,31,65.18,6.470861182597294,0.0
download (4).jpeg,32,58.96222222222222,4.327266978841592,0.0
download (4).jpeg,33,14.426666666666666,5.523702462016658,0.0
download (4).jpeg,34,29.564444444444444,12.714526347721868,0.0
download (4).jpeg,35,69.76,17.656228362818602,0.1622222222222222
download (4).jpeg,36,49.46666666666667,39.78335777125349,0.24666666666666667
download (4).jpeg,37,104.96888888888888,37.624742581458115,0.22666666666666666
download (4).jpeg,38,86.70444444444445,26.79169403258783,0.23555555555555555
download (4).jpeg,39,72.47777777777777,8.626609708438675,0.0
download (4).jpeg,40,52.28,5.986043026166041,0.0
download (4).jpeg,41,15.062222222222223,5.022230088489414,0.0
download (4).jpeg,42,26.033333333333335,13.374312027996888,0.0
download (4).jpeg,43,63.19555555555556,20.75480084280963,0.15555555555555556
download (4).jpeg,44,70.97777777777777,35.513308234074664,0.3244444444444444
download (4).jpeg,45,76.00666666666666,21.879415998706282,0.06888888888888889
download (4).jpeg,46,66.7911111111111,3.8771021378929804,0.0
download (4).jpeg,47,65.48,4.752150390437294,0.0
download (4).jpeg,48,52.25333333333333,6.842533643809629,0.0
download (4).jpeg,49,15.153333333333334,5.336753070297831,0.0
download (4).jpeg,50,21.59777777777778,8.956710430085092,0.0
download (4).jpeg,51,54.17111111111111,19.838784933919744,0.10888888888888888
download (4).jpeg,52,91.02888888888889,36.096494888144974,0.29777777777777775
download (4).jpeg,53,57.18888888888889,4.55361747391735,0.0
download (4).jpeg,54,60.57111111111111,3.2769309640591877,0.0
download (4).jpeg,55,55.71333333333333,6.379484479346448,0.0
download (4).jpeg,56,45.42444444444445,4.791179653189369,0.0
download (4).jpeg,57,11.4,6.513916725834858,0.0
download (4).jpeg,58,18.11111111111111,7.5076915292761885,0.0
download (4).jpeg,59,48.86666666666667,16.25628083746915,0.12222222222222222
download (4).jpeg,60,73.6288888888889,32.49659894834961,0.20222222222222222
download (4).jpeg,61,49.577777777777776,4.955754853989401,0.0
download (4).jpeg,62,49.48,4.236434559600535,0.0
download (4).jpeg,63,41.38666666666666,6.2731739264196325,0.0
download (4).jpeg,64,35.83555555555556,1.7498133939309777,0.0
download (5).jpeg,1,138.5427807486631,17.001165067659663,0.0962566844919786
download (5).jpeg,2,133.3903743315508,26.579665609710872,0.2192513368983957
download (5).jpeg,3,130.94652406417111,42.36601814267495,0.3716577540106952
download (5).jpeg,4,121.6336898395722,38.959900388177864,0.11497326203208556
download (5).jpeg,5,81.33422459893048,35.528373158154366,0.17379679144385027
download (5).jpeg,6,150.92780748663102,35.554622088799896,0.17379679144385027
download (5).jpeg,7,164.21657754010695,19.259656736078686,0.1925133689839572
download (5).jpeg,8,159.7433155080214,17.264795119106765,0.1657754010695187
download (5).jpeg,9,133.30748663101605,21.19767159026556,0.18449197860962566
download (5).jpeg,10,147.64705882352942,41.410602499491254,0.3449197860962567
download (5).jpeg,11,135.09625668449198,53.45747809799126,0.34759358288770054
download (5).jpeg,12,160.62032085561498,54.8460189099572,0.3689839572192513
download (5).jpeg,13,120.75133689839572,62.380921307179236,0.24598930481283424
download (5).jpeg,14,145.0374331550802,54.09027599345072,0.3074866310160428
download (5).jpeg,15,171.8235294117647,28.732695463752986,0.22459893048128343
download (5).jpeg,16,171.47860962566844,21.434350016590287,0.24331550802139038
download (5).jpeg,17,131.09358288770053,28.427867465925786,0.28342245989304815
download (5).jpeg,18,127.77540106951872,45.469303675235686,0.3983957219251337
download (5).jpeg,19,139.03208556149733,71.02683862274417,0.31283422459893045
download (5).jpeg,20,152.11229946524065,56.05567523211635,0.2887700534759358
download (5).jpeg,21,179.57754010695186,53.42822791684142,0.2647058823529412
download (5).jpeg,22,186.90641711229947,40.576056682888364,0.30213903743315507
download (5).jpeg,23,167.67914438502675,41.38444699091506,0.3502673796791444
download (5).jpeg,24,182.7620320855615,41.84929100197463,0.3074866310160428
download (5).jpeg,25,124.93048128342247,36.7040553688149,0.2994652406417112
download (5).jpeg,26,123.97326203208556,36.633454386233325,0.3877005347593583
download (5).jpeg,27,166.94919786096256,34.032857462415755,0.3582887700534759
download (5).jpeg,28,136.66844919786095,33.28193001479108,0.31283422459893045
download (5).jpeg,29,119.9572192513369,25.15041996375008,0.25668449197860965
download (5).jpeg,30,118.40106951871658,38.22099541920303,0.2647058823529412
download (5).jpeg,31,131.03475935828877,40.57061408970645,0.14171122994652408
download (5).jpeg,32,123.86898395721926,43.020968032013265,0.2647058823529412
download (5).jpeg,33,119.43315508021391,41.640870659687295,0.3074866310160428
download (5).jpeg,34,118.53743315508021,37.92594021253646,0.3502673796791444
download (5).jpeg,35,139.51871657754012,52.562043018391755,0.31016042780748665
download (5).jpeg,36,91.19786096256685,42.25822573752171,0.3155080213903743
download (5).jpeg,37,98.66844919786097,46.79557567700825,0.10962566844919786
download (5).jpeg,38,175.80748663101605,20.180875883791245,0.14171122994652408
download (5).jpeg,39,158.38235294117646,27.40878521137216,0.18716577540106952
download (5).jpeg,40,160.9090909090909,29.88475677345974,0.23529411764705882
download (5).jpeg,41,144.7620320855615,48.68769351298071,0.23796791443850268
download (5).jpeg,42,102.62032085561498,40.50688479018194,0.3716577540106952
download (5).jpeg,43,106.45989304812834,37.670500039826834,0.3983957219251337
download (5).jpeg,44,84.82085561497327,29.711761356477783,0.27540106951871657
download (5).jpeg,45,158.84491978609626,47.60827808943131,0.1497326203208556
download (5).jpeg,46,178.96524064171123,26.284872335854043,0.17379679144385027
download (5).jpeg,47,141.25935828877004,48.1258889006313,0.3449197860962567
download (5).jpeg,48,170.20320855614975,24.777326843992764,0.26737967914438504
download (5).jpeg,49,164.66310160427807,34.94516524982062,0.12032085561497326
download (5).jpeg,50,108.82085561497327,43.66342457088344,0.3850267379679144
download (5).jpeg,51,100.55347593582887,37.33159800816198,0.36363636363636365
download (5).jpeg,52,143.8422459893048,43.366171681305126,0.23796791443850268
download (5).jpeg,53,175.29946524064172,35.04612926108418,0.15508021390374332
download (5).jpeg,54,140.95989304812835,47.80515260964389,0.31283422459893045
download (5).jpeg,55,146.68716577540107,40.13374693159499,0.30213903743315507
download (5).jpeg,56,157.97860962566844,32.20546624132105,0.14705882352941177
download (5).jpeg,57,151.89304812834226,17.809878434545773,0.2540106951871658
download (5).jpeg,58,109.51069518716578,50.73453657146178,0.32620320855614976
download (5).jpeg,59,76.31818181818181,35.03203790984297,0.3502673796791444
download (5).jpeg,60,106.52941176470588,42.80284289094624,0.3342245989304813
download (5).jpeg,61,113.22459893048128,54.17255885465014,0.3609625668449198
download (5).jpeg,62,133.85294117647058,42.20224136040004,0.3689839572192513
download (5).jpeg,63,112.97326203208556,40.992164786104254,0.36363636363636365
download (5).jpeg,64,128.89304812834226,34.524025654512045,0.3663101604278075
download.jpeg,1,84.9560606060606,41.41255346487554,0.3303030303030303
download.jpeg,2,97.55454545454545,42.964591417846385,0.35454545454545455
download.jpeg,3,96.68030303030304,47.74219821936631,0.3181818181818182
download.jpeg,4,120.44242424242424,43.092233922437565,0.3787878787878788
download.jpeg,5,78.53030303030303,42.25679780241557,0.3106060606060606
download.jpeg,6,77.81666666666666,29.318801927511405,0.3712121212121212
download.jpeg,7,69.75,30.912676374038863,0.31212121212121213
download.jpeg,8,85.97121212121212,41.275799150355155,0.3621212121212121
download.jpeg,9,84.43333333333334,39.626209314624894,0.3242424242424242
download.jpeg,10,91.57575757575758,42.29881458546055,0.30606060606060603
download.jpeg,11,92.62727272727273,46.0617225741871,0.3106060606060606
download.jpeg,12,96.81666666666666,31.634628529859842,0.31666666666666665
download.jpeg,13,89.96363636363637,49.94076987660251,0.3181818181818182
download.jpeg,14,90.69848484848485,36.12258167400587,0.36666666666666664
download.jpeg,15,71.2469696969697,34.62335750265502,0.31363636363636366
download.jpeg,16,67.72424242424242,37.34604380737594,0.29545454545454547
download.jpeg,17,65.31060606060606,34.0990385929871,0.3090909090909091
download.jpeg,18,83.03181818181818,40.19932028330416,0.3015151515151515
download.jpeg,19,75.31818181818181,36.32915979264686,0.2803030303030303
download.jpeg,20,84.30151515151515,23.375492167395155,0.29393939393939394
download.jpeg,21,96.76212121212122,52.627819193618656,0.2878787878787879
download.jpeg,22,82.8409090909091,37.50879281671823,0.34545454545454546
download.jpeg,23,59.49545454545454,25.894979809585543,0.25
download.jpeg,24,45.833333333333336,20.229354109233633,0.20303030303030303
download.jpeg,25,47.587878787878786,25.9955096072934,0.25757575757575757
download.jpeg,26,78.03484848484848,46.413722475879396,0.3303030303030303
download.jpeg,27,66.76818181818182,28.857947065157404,0.2803030303030303
download.jpeg,28,83.16363636363636,28.884942267679236,0.3409090909090909
download.jpeg,29,89.48181818181818,45.83634891156471,0.26666666666666666
download.jpeg,30,69.50757575757575,24.589877263215822,0.25
download.jpeg,31,54.627272727272725,20.949300599119926,0.2696969696969697
download.jpeg,32,51.31212121212121,22.020710053448205,0.21818181818181817
download.jpeg,33,45.448484848484846,20.417136611221604,0.19393939393939394
download.jpeg,34,74.64242424242424,42.946153955594134,0.34545454545454546
download.jpeg,35,62.83181818181818,28.753190384725578,0.3621212121212121
download.jpeg,36,75.63636363636364,26.608290097794235,0.2515151515151515
download.jpeg,37,88.53636363636363,38.979561996558225,0.1803030303030303
download.jpeg,38,66.31515151515151,24.489652993967102,0.25606060606060604
download.jpeg,39,46.93787878787879,16.686523914492916,0.21212121212121213
download.jpeg,40,34.722727272727276,20.398093311478934,0.20303030303030303
download.jpeg,41,50.88030303030303,21.164347663686325,0.26666666666666666
download.jpeg,42,57.50151515151515,32.79858178948117,0.23787878787878788
download.jpeg,43,39.556060606060605,22.78459493384417,0.21212121212121213
download.jpeg,44,74.08030303030303,26.946095009700553,0.20454545454545456
download.jpeg,45,90.36515151515151,32.81982490500559,0.2878787878787879
download.jpeg,46,64.31363636363636,22.95681311931256,0.22727272727272727
download.jpeg,47,49.95909090909091,21.601553516473505,0.26212121212121214
download.jpeg,48,53.8530303030303,24.264912438864236,0.3
download.jpeg,49,46.08030303030303,19.35915506308727,0.27121212121212124
download.jpeg,50,56.2530303030303,34.08724865870365,0.296969696969697
download.jpeg,51,47.46515151515152,25.77455282758348,0.2287878787878788
download.jpeg,52,75.84848484848484,28.740712557457172,0.26515151515151514
download.jpeg,53,90.77878787878788,33.90775595173289,0.32575757575757575
download.jpeg,54,61.81515151515151,26.211478184440626,0.31363636363636366
download.jpeg,55,47.15,20.917013156613432,0.3333333333333333
download.jpeg,56,41.160606060606064,21.818985885857206,0.23333333333333334
download.jpeg,57,38.695454545454545,16.76367765228597,0.1621212121212121
download.jpeg,58,51.86363636363637,24.080852675201065,0.30757575757575756
download.jpeg,59,62.053030303030305,32.40041020922967,0.2
download.jpeg,60,85.22121212121212,36.621357053912625,0.24545454545454545
download.jpeg,61,65.60303030303031,33.07773200286905,0.30454545454545456
download.jpeg,62,50.403030303030306,19.008721839428834,0.22121212121212122
download.jpeg,63,47.39242424242424,19.80730513086753,0.24696969696969698
download.jpeg,64,40.20757575757576,17.342475537229753,0.22727272727272727
image2.jpeg,1,72.43484848484849,35.55039526875787,0.3484848484848485
image2.jpeg,2,70.58939393939394,31.931738883398427,0.25
image2.jpeg,3,85.87121212121212,30.956275445212288,0.29848484848484846
image2.jpeg,4,128.71515151515152,42.75764061589051,0.38636363636363635
image2.jpeg,5,137.47272727272727,45.894782648795335,0.3939393939393939
image2.jpeg,6,77.3030303030303,27.61404434998101,0.1984848484848485
image2.jpeg,7,56.13484848484848,36.40777053432513,0.21818181818181817
image2.jpeg,8,103.72727272727273,48.99231400899454,0.353030303030303
image2.jpeg,9,52.018181818181816,30.896694483836747,0.3106060606060606
image2.jpeg,10,38.11363636363637,11.6055418627643,0.019696969696969695
image2.jpeg,11,75.8030303030303,31.803906610128077,0.3378787878787879
image2.jpeg,12,140.35757575757575,49.99920623796021,0.37272727272727274
image2.jpeg,13,145.08939393939394,55.2773958646035,0.41363636363636364
image2.jpeg,14,62.372727272727275,41.00078175697624,0.1803030303030303
image2.jpeg,15,36.13030303030303,23.70030027745442,0.21212121212121213
image2.jpeg,16,75.0409090909091,49.147827342690206,0.35
image2.jpeg,17,38.556060606060605,19.865720656660006,0.21363636363636362
image2.jpeg,18,49.2060606060606,27.857591744702354,0.23636363636363636
image2.jpeg,19,68.39848484848486,26.77816270217798,0.3
image2.jpeg,20,171.86212121212122,47.40391322918239,0.3621212121212121
image2.jpeg,21,123.73636363636363,54.315745349184574,0.37424242424242427
image2.jpeg,22,57.43333333333333,30.41481065321149,0.22575757575757577
image2.jpeg,23,32.9560606060606,23.382061427564242,0.22121212121212122
image2.jpeg,24,77.80606060606061,49.46163459290835,0.3090909090909091
image2.jpeg,25,39.484848484848484,17.988500050530956,0.16515151515151516
image2.jpeg,26,66.0060606060606,35.28034854663549,0.31666666666666665
image2.jpeg,27,90.70757575757575,51.32668043450773,0.36818181818181817
image2.jpeg,28,162.25151515151515,41.6526445827227,0.3803030303030303
image2.jpeg,29,148.11060606060607,39.9498724873297,0.37272727272727274
image2.jpeg,30,48.695454545454545,26.551145223364216,0.2681818181818182
image2.jpeg,31,39.29090909090909,28.28941727000724,0.25303030303030305
image2.jpeg,32,89.63181818181818,53.65512107810713,0.34545454545454546
image2.jpeg,33,60.10757575757576,34.45892069312633,0.3106060606060606
image2.jpeg,34,49.10151515151515,24.519818776977758,0.3
image2.jpeg,35,83.4530303030303,53.65232554392968,0.32575757575757575
image2.jpeg,36,143.62121212121212,31.582822887782932,0.37272727272727274
image2.jpeg,37,116.62424242424242,38.48598351941109,0.37727272727272726
image2.jpeg,38,36.38939393939394,22.735265816653712,0.22727272727272727
image2.jpeg,39,28.3,22.13569036372681,0.2287878787878788
image2.jpeg,40,79.70757575757575,41.002781910817696,0.3621212121212121
image2.jpeg,41,56.0,40.11298437104269,0.353030303030303
image2.jpeg,42,59.06969696969697,36.32051749104442,0.3378787878787879
image2.jpeg,43,74.3378787878788,49.620371748609024,0.34545454545454546
image2.jpeg,44,119.82424242424243,36.5044541101579,0.35
image2.jpeg,45,99.76212121212122,36.015141029562095,0.3409090909090909
image2.jpeg,46,30.471212121212123,20.0736693596628,0.12727272727272726
image2.jpeg,47,31.62272727272727,25.496198738983445,0.20454545454545456
image2.jpeg,48,66.76212121212122,37.370983173837516,0.3606060606060606
image2.jpeg,49,47.512121212121215,33.30362849988023,0.30757575757575756
image2.jpeg,50,42.55909090909091,28.512376245650827,0.2545454545454545
image2.jpeg,51,74.56060606060606,36.92438169108664,0.39090909090909093
image2.jpeg,52,90.07424242424243,34.79618931855535,0.3515151515151515
image2.jpeg,53,83.90454545454546,36.4294874393865,0.36666666666666664
image2.jpeg,54,30.26818181818182,19.693158780521244,0.15606060606060607
image2.jpeg,55,47.85606060606061,35.91052276265602,0.2681818181818182
image2.jpeg,56,72.18030303030304,39.00900331080137,0.3787878787878788
image2.jpeg,57,61.21515151515152,37.34011265188994,0.3560606060606061
image2.jpeg,58,42.21969696969697,27.86327940681269,0.25757575757575757
image2.jpeg,59,98.36666666666666,47.410478107096054,0.32272727272727275
image2.jpeg,60,135.45909090909092,42.88342011064037,0.29848484848484846
image2.jpeg,61,98.39242424242424,47.50664008008571,0.3242424242424242
image2.jpeg,62,64.08333333333333,38.98263826190559,0.36363636363636365
image2.jpeg,63,61.38636363636363,40.79409637310369,0.36515151515151517
image2.jpeg,64,64.27727272727273,37.240419941381816,0.4
image3.jpeg,1,44.43575757575758,8.398509618975165,0.0
image3.jpeg,2,51.406969696969696,7.468650433787354,0.0
image3.jpeg,3,44.71575757575758,8.453964115996934,0.0
image3.jpeg,4,63.03787878787879,10.037962263803847,0.0
image3.jpeg,5,81.36363636363636,9.92309269305902,0.0
image3.jpeg,6,90.79242424242425,11.099779012351943,0.0036363636363636364
image3.jpeg,7,99.26757575757576,14.617162293584487,0.009393939393939394
image3.jpeg,8,88.98636363636363,20.227961343402672,0.019090909090909092
image3.jpeg,9,48.10060606060606,10.37614687035196,0.0
image3.jpeg,10,51.88090909090909,9.08198678825501,0.0
image3.jpeg,11,47.78484848484848,8.733100432198254,0.0
image3.jpeg,12,76.31181818181818,10.108024701240176,0.0
image3.jpeg,13,94.77606060606061,13.954943826775088,0.011515151515151515
image3.jpeg,14,103.34121212121212,12.406984777053404,0.01606060606060606
image3.jpeg,15,112.4769696969697,20.150338366186535,0.04727272727272727
image3.jpeg,16,92.7930303030303,23.105067263297588,0.026060606060606062
image3.jpeg,17,53.41848484848485,14.512785088936212,0.011818181818181818
image3.jpeg,18,65.87575757575758,14.763622990987624,0.00787878787878788
image3.jpeg,19,53.59969696969697,15.28624059156875,0.0
image3.jpeg,20,93.33909090909091,13.356641263439714,0.0
image3.jpeg,21,98.21545454545455,9.643270723563344,0.005151515151515152
image3.jpeg,22,119.91939393939394,25.711361471606274,0.05181818181818182
image3.jpeg,23,118.97272727272727,28.948708797575616,0.06060606060606061
image3.jpeg,24,137.37848484848485,34.93793749625462,0.059393939393939395
image3.jpeg,25,49.71515151515152,13.14469869433765,0.005151515151515152
image3.jpeg,26,69.20575757575757,17.297234764166355,0.010606060606060607
image3.jpeg,27,55.661212121212124,17.340574552288903,0.006666666666666667
image3.jpeg,28,96.87212121212121,17.902514087467555,0.0
image3.jpeg,29,114.6178787878788,22.238808183890004,0.02696969696969697
image3.jpeg,30,123.69121212121212,31.55583001002622,0.07727272727272727
image3.jpeg,31,184.16878787878787,46.702790083260176,0.01818181818181818
image3.jpeg,32,135.11969696969697,53.15884635093879,0.044848484848484846
image3.jpeg,33,55.88787878787879,15.989982803177547,0.030303030303030304
image3.jpeg,34,69.81818181818181,20.844117759671754,0.07787878787878788
image3.jpeg,35,59.78393939393939,20.742774928969908,0.013636363636363636
image3.jpeg,36,100.96454545454546,20.433534912878205,0.015151515151515152
image3.jpeg,37,147.5321212121212,33.10706047169118,0.034545454545454546
image3.jpeg,38,171.67363636363638,34.90006297799143,0.05272727272727273
image3.jpeg,39,160.3348484848485,66.27453689109082,0.02393939393939394
image3.jpeg,40,73.61545454545454,17.558672309666154,0.0048484848484848485
image3.jpeg,41,49.65848484848485,13.036221245858883,0.022727272727272728
image3.jpeg,42,42.75575757575758,13.260572004277359,0.06878787878787879
image3.jpeg,43,72.12636363636364,20.891946442847274,0.1190909090909091
image3.jpeg,44,104.22242424242424,26.870603181454076,0.17757575757575758
image3.jpeg,45,111.95575757575757,31.763498875119463,0.14696969696969697
image3.jpeg,46,137.6712121212121,34.78227633458757,0.06909090909090909
image3.jpeg,47,146.81151515151515,47.203372897027506,0.015151515151515152
image3.jpeg,48,68.93030303030304,24.361444760466558,0.03333333333333333
image3.jpeg,49,44.625757575757575,9.851700523968324,0.008787878787878787
image3.jpeg,50,50.61151515151515,17.222219284931175,0.10333333333333333
image3.jpeg,51,80.86939393939394,25.971772023813337,0.25272727272727274
image3.jpeg,52,121.66090909090909,24.941917724577923,0.3054545454545455
image3.jpeg,53,87.59454545454545,24.359302260359804,0.16757575757575757
image3.jpeg,54,110.89030303030303,35.7322377561172,0.18515151515151515
image3.jpeg,55,137.27545454545455,31.18130078641336,0.14333333333333334
image3.jpeg,56,104.5869696969697,36.329644126146,0.11787878787878787
image3.jpeg,57,51.21636363636364,14.788934400972014,0.014545454545454545
image3.jpeg,58,46.163636363636364,12.670864173294245,0.00393939393939394
image3.jpeg,59,52.843636363636364,10.136273243244185,0.006666666666666667
image3.jpeg,60,81.32727272727273,26.409677665207603,0.11272727272727273
image3.jpeg,61,95.22363636363636,27.005874536924964,0.2015151515151515
image3.jpeg,62,104.30272727272727,32.333004881748856,0.23575757575757575
image3.jpeg,63,92.5409090909091,33.18228569616684,0.18303030303030304
image3.jpeg,64,114.76,34.531820722693475,0.2175757575757576
image4.jpeg,1,194.23979591836735,21.363679075286168,0.0
image4.jpeg,2,220.82993197278913,6.618233060183791,0.0
image4.jpeg,3,222.19387755102042,6.494620741047183,0.0
image4.jpeg,4,206.9421768707483,13.786148155867158,0.0
image4.jpeg,5,170.95578231292518,33.85063354997843,0.05442176870748299
image4.jpeg,6,162.55612244897958,28.931808988709225,0.025510204081632654
image4.jpeg,7,98.23809523809524,25.84538889210466,0.20068027210884354
image4.jpeg,8,60.50340136054422,21.454626746669582,0.12755102040816327
image4.jpeg,9,147.96768707482994,16.455071073627494,0.0
image4.jpeg,10,186.98469387755102,18.644310390580358,0.023809523809523808
image4.jpeg,11,202.16666666666666,12.663734891646133,0.0
image4.jpeg,12,185.24149659863946,15.261647023471486,0.0
image4.jpeg,13,136.97278911564626,34.30494412676636,0.0
image4.jpeg,14,142.60374149659864,45.14912312918753,0.05612244897959184
image4.jpeg,15,127.75680272108843,38.063548339932616,0.05952380952380952
image4.jpeg,16,68.68707482993197,16.0487364544227,0.06292517006802721
image4.jpeg,17,130.8469387755102,15.663675236719563,0.0
image4.jpeg,18,150.79421768707482,26.302081483684535,0.05442176870748299
image4.jpeg,19,171.2312925170068,17.920864603174653,0.01020408163265306
image4.jpeg,20,168.79421768707482,31.740607382988873,0.06802721088435375
image4.jpeg,21,164.2908163265306,44.292612181846245,0.03741496598639456
image4.jpeg,22,136.6530612244898,34.79075509799649,0.0
image4.jpeg,23,106.88095238095238,37.681074542597734,0.06972789115646258
image4.jpeg,24,72.24149659863946,20.08424889166895,0.03571428571428571
image4.jpeg,25,104.16836734693878,25.23819625875963,0.08333333333333333
image4.jpeg,26,136.24319727891157,59.40756586744161,0.13095238095238096
image4.jpeg,27,118.40136054421768,44.867023458964674,0.14285714285714285
image4.jpeg,28,105.7874149659864,37.74602801266068,0.11054421768707483
image4.jpeg,29,104.66156462585035,42.74046918782577,0.1564625850340136
image4.jpeg,30,87.01020408163265,27.474166554228848,0.0782312925170068
image4.jpeg,31,77.17857142857143,30.826987304284266,0.1564625850340136
image4.jpeg,32,85.52551020408163,33.351779352295154,0.17006802721088435
image4.jpeg,33,105.38775510204081,48.14539331734161,0.3010204081632653
image4.jpeg,34,119.1921768707483,55.99971580366427,0.3112244897959184
image4.jpeg,35,97.99489795918367,31.058289085330426,0.2227891156462585
image4.jpeg,36,91.21428571428571,34.861314153224285,0.27721088435374147
image4.jpeg,37,82.4421768707483,40.672891112529854,0.27721088435374147
image4.jpeg,38,79.67517006802721,42.876522552506124,0.2789115646258503
image4.jpeg,39,60.814625850340136,32.08541942730371,0.1326530612244898
image4.jpeg,40,52.093537414965986,26.346973629991822,0.21258503401360543
image4.jpeg,41,120.77721088435374,50.20952383141366,0.10714285714285714
image4.jpeg,42,127.67006802721089,48.832003996161035,0.3129251700680272
image4.jpeg,43,102.8639455782313,35.90598825538266,0.1989795918367347
image4.jpeg,44,83.44047619047619,34.799985257509846,0.2857142857142857
image4.jpeg,45,66.81632653061224,31.48102125774818,0.27380952380952384
image4.jpeg,46,57.63945578231292,30.813890669748737,0.1870748299319728
image4.jpeg,47,47.05612244897959,17.882132417430814,0.2227891156462585
image4.jpeg,48,48.525510204081634,22.249230566338998,0.15816326530612246
image4.jpeg,49,59.374149659863946,43.63445260581246,0.04421768707482993
image4.jpeg,50,48.83163265306123,35.98318606859833,0.08843537414965986
image4.jpeg,51,43.55612244897959,17.112033198971222,0.02891156462585034
image4.jpeg,52,53.773809523809526,30.133007775467284,0.1360544217687075
image4.jpeg,53,31.07482993197279,19.513065023305025,0.10374149659863946
image4.jpeg,54,26.86394557823129,12.091988383713746,0.01870748299319728
image4.jpeg,55,26.903061224489797,18.99934990338758,0.07993197278911565
image4.jpeg,56,26.489795918367346,16.46057642213136,0.061224489795918366
image4.jpeg,57,26.31972789115646,5.237861113241075,0.0
image4.jpeg,58,20.142857142857142,2.8362330100107838,0.0
image4.jpeg,59,27.732993197278912,11.001320261830173,0.0
image4.jpeg,60,30.76530612244898,4.838833179490909,0.0
image4.jpeg,61,18.003401360544217,4.190204238458807,0.0
image4.jpeg,62,17.503401360544217,2.3549749039200796,0.0
image4.jpeg,63,14.556122448979592,4.272031323769145,0.0
image4.jpeg,64,18.452380952380953,7.148053665286381,0.0
image5.jpeg,1,67.95238095238095,27.761026695253964,0.0935374149659864
image5.jpeg,2,102.34013605442176,43.34649145051909,0.14285714285714285
image5.jpeg,3,85.81802721088435,10.282533313643984,0.0
image5.jpeg,4,85.7125850340136,9.869766491488576,0.01020408163265306
image5.jpeg,5,95.90986394557824,22.282135808130363,0.02040816326530612
image5.jpeg,6,84.99659863945578,25.99862611484149,0.0
image5.jpeg,7,51.345238095238095,11.857782302512845,0.0
image5.jpeg,8,42.87074829931973,4.736990216455637,0.0
image5.jpeg,9,74.91836734693878,36.780560934283834,0.1564625850340136
image5.jpeg,10,123.90646258503402,48.40236429968706,0.2891156462585034
image5.jpeg,11,112.90816326530613,37.11365703892943,0.13945578231292516
image5.jpeg,12,92.34353741496598,10.205757798840816,0.013605442176870748
image5.jpeg,13,105.17517006802721,21.65448208475169,0.05952380952380952
image5.jpeg,14,131.31632653061226,34.680886423277336,0.11904761904761904
image5.jpeg,15,88.7687074829932,17.86992610151529,0.0
image5.jpeg,16,70.4625850340136,18.88986054508707,0.02891156462585034
image5.jpeg,17,70.36734693877551,27.57545779408028,0.11564625850340136
image5.jpeg,18,91.96938775510205,32.671354888302396,0.17006802721088435
image5.jpeg,19,93.00510204081633,21.217892297799427,0.0782312925170068
image5.jpeg,20,101.33843537414965,34.30846594715631,0.09693877551020408
image5.jpeg,21,91.82993197278911,20.00242303337915,0.01870748299319728
image5.jpeg,22,131.8265306122449,32.05677112620949,0.12414965986394558
image5.jpeg,23,154.32993197278913,58.40079665257347,0.15136054421768708
image5.jpeg,24,138.05442176870747,54.17303874351581,0.17346938775510204
image5.jpeg,25,81.90306122448979,26.4723406702331,0.08503401360544217
image5.jpeg,26,75.43367346938776,18.746174814587963,0.04081632653061224
image5.jpeg,27,126.26530612244898,44.527806267867476,0.17687074829931973
image5.jpeg,28,112.29761904761905,41.13324368230233,0.22789115646258504
image5.jpeg,29,114.40986394557824,42.21942646140267,0.16326530612244897
image5.jpeg,30,118.7704081632653,20.487178880286532,0.02040816326530612
image5.jpeg,31,142.99489795918367,52.430079527646164,0.2602040816326531
image5.jpeg,32,115.83843537414965,55.99938731687045,0.1836734693877551
image5.jpeg,33,67.43197278911565,10.870783951820158,0.0
image5.jpeg,34,81.7125850340136,22.49574513324491,0.06292517006802721
image5.jpeg,35,87.7874149659864,12.757445929767153,0.013605442176870748
image5.jpeg,36,111.1734693877551,19.433573678624636,0.12074829931972789
image5.jpeg,37,128.23299319727892,28.77289327890766,0.11224489795918367
image5.jpeg,38,153.31632653061226,41.3061648819389,0.14285714285714285
image5.jpeg,39,101.5561224489796,33.32052001923669,0.1564625850340136
image5.jpeg,40,90.41666666666667,26.58649459803488,0.18877551020408162
image5.jpeg,41,76.25680272108843,10.792903847013415,0.0
image5.jpeg,42,69.35544217687075,14.965533678217673,0.0
image5.jpeg,43,86.73469387755102,21.702009854135866,0.0935374149659864
image5.jpeg,44,115.62585034013605,27.87397803485907,0.18027210884353742
image5.jpeg,45,135.79931972789115,40.09254429916824,0.25510204081632654
image5.jpeg,46,162.09183673469389,43.38788509269473,0.2891156462585034
image5.jpeg,47,114.26530612244898,22.90065101133642,0.15476190476190477
image5.jpeg,48,113.75850340136054,57.68545525017599,0.3435374149659864
image5.jpeg,49,104.26190476190476,14.575260156058281,0.0
image5.jpeg,50,91.84183673469387,12.108515220459227,0.0
image5.jpeg,51,110.8078231292517,20.524967540538167,0.03571428571428571
image5.jpeg,52,126.58673469387755,23.33848011254431,0.08163265306122448
image5.jpeg,53,130.01530612244898,28.251869549988267,0.12244897959183673
image5.jpeg,54,146.53401360544217,25.50717918573946,0.10374149659863946
image5.jpeg,55,145.06972789115648,40.96556005732511,0.29591836734693877
image5.jpeg,56,159.9591836734694,40.863490607628385,0.3622448979591837
image5.jpeg,57,118.39795918367346,10.788069559224235,0.017006802721088437
image5.jpeg,58,117.47619047619048,14.613540144521982,0.047619047619047616
image5.jpeg,59,124.24319727891157,17.054645206240465,0.06802721088435375
image5.jpeg,60,136.06292517006804,16.588490383759684,0.0782312925170068
image5.jpeg,61,140.23299319727892,16.703551698369115,0.0663265306122449
image5.jpeg,62,150.92176870748298,19.392315670794847,0.10374149659863946
image5.jpeg,63,176.51190476190476,30.309259621786566,0.36054421768707484
image5.jpeg,64,212.47619047619048,32.71690223126232,0.33843537414965985
image6.jpeg,1,137.88181818181818,33.42093296619019,0.08787878787878788
image6.jpeg,2,153.23181818181817,50.21570941898353,0.22424242424242424
image6.jpeg,3,154.91969696969696,51.030334768398674,0.22424242424242424
image6.jpeg,4,74.65454545454546,11.313657365114368,0.015151515151515152
image6.jpeg,5,80.6530303030303,8.704713451447383,0.0
image6.jpeg,6,73.09545454545454,7.692675221671307,0.0
image6.jpeg,7,56.38030303030303,4.677402791920919,0.0
image6.jpeg,8,49.04090909090909,2.581958222834523,0.0
image6.jpeg,9,176.76969696969698,11.764674520565338,0.022727272727272728
image6.jpeg,10,163.45151515151514,17.762210844034936,0.09848484848484848
image6.jpeg,11,149.95454545454547,28.75209179119227,0.15303030303030302
image6.jpeg,12,116.81818181818181,13.48546815055634,0.02878787878787879
image6.jpeg,13,109.18030303030304,8.820391657918696,0.0
image6.jpeg,14,90.50757575757575,9.751065374677298,0.0
image6.jpeg,15,67.00151515151515,6.270058537840954,0.0
image6.jpeg,16,58.60909090909091,3.028937571148893,0.0
image6.jpeg,17,206.95151515151514,8.298817776779694,0.0
image6.jpeg,18,192.44545454545454,11.694147484936602,0.05
image6.jpeg,19,165.13333333333333,13.760300090690558,0.0
image6.jpeg,20,153.38939393939393,12.315728165185813,0.0
image6.jpeg,21,135.70151515151514,11.247369960913051,0.0
image6.jpeg,22,106.97424242424242,8.958537668244281,0.0
image6.jpeg,23,83.67575757575757,8.539800945200932,0.0
image6.jpeg,24,72.61666666666666,5.810650705055468,0.0
image6.jpeg,25,223.89242424242425,27.573575463113567,0.06363636363636363
image6.jpeg,26,221.49848484848485,12.022894730651013,0.007575757575757576
image6.jpeg,27,204.78181818181818,15.574969323292024,0.013636363636363636
image6.jpeg,28,182.52575757575758,21.680132020494685,0.05454545454545454
image6.jpeg,29,158.73636363636365,11.72036089479041,0.0
image6.jpeg,30,133.44242424242424,12.502291433683093,0.0
image6.jpeg,31,110.73939393939393,10.93154843322034,0.0
image6.jpeg,32,100.71818181818182,11.044234874672947,0.0
image6.jpeg,33,245.13484848484848,4.839702984382736,0.0
image6.jpeg,34,237.09848484848484,30.506795032563833,0.09242424242424242
image6.jpeg,35,226.28636363636363,31.579790173193366,0.05909090909090909
image6.jpeg,36,210.76666666666668,9.689737359753881,0.0
image6.jpeg,37,194.86363636363637,17.69059531317234,0.048484848484848485
image6.jpeg,38,171.68030303030304,18.797708755420892,0.00909090909090909
image6.jpeg,39,141.5818181818182,17.59289551073929,0.04242424242424243
image6.jpeg,40,135.27424242424243,13.009749381580475,0.05
image6.jpeg,41,224.46363636363637,27.95451194873577,0.04090909090909091
image6.jpeg,42,248.73030303030302,6.743795570452253,0.0
image6.jpeg,43,228.91666666666666,22.438887263323945,0.10909090909090909
image6.jpeg,44,194.32575757575756,34.58868623314812,0.06060606060606061
image6.jpeg,45,168.23030303030302,33.952082855271236,0.05909090909090909
image6.jpeg,46,144.36969696969697,33.508836327592526,0.12424242424242424
image6.jpeg,47,104.56363636363636,41.76627476791509,0.1484848484848485
image6.jpeg,48,74.63333333333334,37.31214090059506,0.21818181818181817
image6.jpeg,49,195.81363636363636,23.86369365072489,0.0
image6.jpeg,50,233.6969696969697,6.675531296458044,0.0
image6.jpeg,51,219.2439393939394,21.890350916992038,0.045454545454545456
image6.jpeg,52,179.04090909090908,23.716248600029523,0.06363636363636363
image6.jpeg,53,152.33636363636364,27.351564335981667,0.11060606060606061
image6.jpeg,54,111.13333333333334,38.39871104739077,0.12424242424242424
image6.jpeg,55,70.0909090909091,34.62050857981536,0.051515151515151514
image6.jpeg,56,40.78484848484848,16.909897069953946,0.08636363636363636
image6.jpeg,57,229.3287878787879,10.34420149607345,0.0
image6.jpeg,58,233.70757575757577,9.495976988784962,0.0
image6.jpeg,59,216.6878787878788,12.792499165307714,0.0
image6.jpeg,60,193.2560606060606,11.428547838343093,0.0
image6.jpeg,61,160.38636363636363,8.39773393611086,0.0
image6.jpeg,62,127.13787878787879,16.78403159889126,0.0
image6.jpeg,63,89.91969696969697,13.56257908450027,0.0
image6.jpeg,64,70.06363636363636,6.602263991023272,0.0
image7.jpeg,1,229.47021943573668,2.7317172734733703,0.0
image7.jpeg,2,235.8793103448276,2.6798057340084647,0.0
image7.jpeg,3,240.3385579937304,2.2223118640126542,0.0
image7.jpeg,4,241.6269592476489,2.0385071605173017,0.0
image7.jpeg,5,241.47492163009403,2.090094096545931,0.0
image7.jpeg,6,240.0219435736677,2.207032359030258,0.0
image7.jpeg,7,237.01880877742946,2.2429877824620568,0.0
image7.jpeg,8,231.8526645768025,2.7240224930539196,0.0
image7.jpeg,9,226.6551724137931,14.196236527803613,0.009404388714733543
image7.jpeg,10,230.33385579937305,26.58481101435294,0.02821316614420063
image7.jpeg,11,240.45297805642633,2.0799420287062493,0.0
image7.jpeg,12,241.923197492163,1.1752653786329055,0.0
image7.jpeg,13,236.58150470219437,28.070870390977035,0.02821316614420063
image7.jpeg,14,230.64576802507838,34.194628800883336,0.07053291536050156
image7.jpeg,15,234.63009404388714,21.698370501867114,0.0219435736677116
image7.jpeg,16,232.36363636363637,2.798240704475294,0.0
image7.jpeg,17,209.282131661442,29.596217253338363,0.03761755485893417
image7.jpeg,18,215.8871473354232,29.006697816100907,0.032915360501567396
image7.jpeg,19,226.0485893416928,8.22446592204218,0.004702194357366771
image7.jpeg,20,218.41692789968653,36.312193371199754,0.047021943573667714
image7.jpeg,21,227.0485893416928,11.13197361513388,0.007836990595611285
image7.jpeg,22,222.45611285266457,20.480064133111377,0.029780564263322883
image7.jpeg,23,222.37147335423197,13.529079375120771,0.01567398119122257
image7.jpeg,24,219.87617554858934,5.9849887805011805,0.0
image7.jpeg,25,186.28996865203763,10.302581759350817,0.0
image7.jpeg,26,182.54075235109718,29.35915424517473,0.05329153605015674
image7.jpeg,27,185.23667711598745,29.394603756884912,0.048589341692789965
image7.jpeg,28,181.65830721003135,39.3931933829787,0.0877742946708464
image7.jpeg,29,195.56739811912226,11.037312172869616,0.004702194357366771
image7.jpeg,30,192.717868338558,20.59769961213676,0.032915360501567396
image7.jpeg,31,195.7319749216301,14.846401024235194,0.0219435736677116
image7.jpeg,32,194.84169278996865,9.113100819087366,0.0
image7.jpeg,33,138.2476489028213,16.80381317158611,0.0
image7.jpeg,34,129.923197492163,27.707587450285686,0.08620689655172414
image7.jpeg,35,128.6253918495298,19.02133221916668,0.05642633228840126
image7.jpeg,36,125.858934169279,14.970467483336902,0.050156739811912224
image7.jpeg,37,121.97648902821317,17.164639206337412,0.032915360501567396
image7.jpeg,38,113.95611285266457,9.906045394621662,0.012539184952978056
image7.jpeg,39,111.25078369905957,15.639346059021806,0.03134796238244514
image7.jpeg,40,109.80564263322884,24.051469747207044,0.047021943573667714
image7.jpeg,41,92.29310344827586,28.846045502846795,0.045454545454545456
image7.jpeg,42,92.30721003134796,26.39398225188133,0.045454545454545456
image7.jpeg,43,94.44200626959248,29.25842466977162,0.045454545454545456
image7.jpeg,44,96.83542319749216,35.47761269096853,0.09404388714733543
image7.jpeg,45,106.56583072100314,40.59090836461734,0.09561128526645768
image7.jpeg,46,123.0,24.546418186122903,0.050156739811912224
image7.jpeg,47,116.5564263322884,12.027233247093708,0.0
image7.jpeg,48,106.47648902821317,6.397877211555638,0.0
image7.jpeg,49,49.04545454545455,4.234076164753891,0.0
image7.jpeg,50,51.55329153605015,10.411719350044816,0.03134796238244514
image7.jpeg,51,54.1551724137931,9.13377056763447,0.0
image7.jpeg,52,51.06112852664577,5.0319692679793295,0.0
image7.jpeg,53,51.907523510971785,5.687464063360555,0.0
image7.jpeg,54,54.58307210031348,11.510054019866981,0.045454545454545456
image7.jpeg,55,57.5705329153605,16.503838539862688,0.048589341692789965
image7.jpeg,56,57.13322884012539,11.946568318570208,0.0219435736677116
image7.jpeg,57,42.3448275862069,5.215743278606599,0.0
image7.jpeg,58,41.76645768025078,4.448275033634364,0.0
image7.jpeg,59,45.9012539184953,5.166624717054003,0.0
image7.jpeg,60,45.88244514106583,5.372369719567922,0.0
image7.jpeg,61,42.83699059561128,5.550995705810839,0.0
image7.jpeg,62,45.27272727272727,4.327962854269845,0.0
image7.jpeg,63,44.808777429467085,6.129310695543177,0.0
image7.jpeg,64,45.55329153605015,5.406325113675273,0.0
images (1).jpeg,1,190.53333333333333,1.1469767022723503,0.0
images (1).jpeg,2,199.0878787878788,3.1442354734625635,0.0
images (1).jpeg,3,205.3590909090909,1.1958865448273819,0.0
images (1).jpeg,4,207.80151515151516,2.1102198954957725,0.0
images (1).jpeg,5,208.87878787878788,0.7306110252084254,0.0
images (1).jpeg,6,201.15757575757576,20.961133301292747,0.05303030303030303
images (1).jpeg,7,190.2530303030303,31.90907403809736,0.08636363636363636
images (1).jpeg,8,122.93030303030304,58.06251586344688,0.30303030303030304
images (1).jpeg,9,191.6909090909091,1.9120611814041166,0.0
images (1).jpeg,10,199.01818181818183,2.494169509616322,0.0
images (1).jpeg,11,205.54545454545453,1.9808310023964932,0.0
images (1).jpeg,12,197.71363636363637,33.39313296474444,0.04393939393939394
images (1).jpeg,13,183.47424242424242,46.17234778721626,0.1
images (1).jpeg,14,137.52272727272728,60.87675900129192,0.23636363636363636
images (1).jpeg,15,102.43181818181819,35.9784854023308,0.30757575757575756
images (1).jpeg,16,84.07121212121213,21.324322897002162,0.1984848484848485
images (1).jpeg,17,169.54090909090908,38.610759519707784,0.13484848484848486
images (1).jpeg,18,166.6409090909091,44.61511999879511,0.1393939393939394
images (1).jpeg,19,139.01363636363635,49.059439478334596,0.22121212121212122
images (1).jpeg,20,98.53787878787878,30.521379814868943,0.2318181818181818
images (1).jpeg,21,96.87121212121212,16.68459882420616,0.16666666666666666
images (1).jpeg,22,85.63181818181818,16.14721722052881,0.12272727272727273
images (1).jpeg,23,85.04545454545455,20.926807382341693,0.18787878787878787
images (1).jpeg,24,73.13787878787879,19.299884323342418,0.25
images (1).jpeg,25,96.29242424242425,28.39703788759869,0.3424242424242424
images (1).jpeg,26,106.90151515151516,25.0554717451295,0.3333333333333333
images (1).jpeg,27,94.32424242424243,21.581017617243536,0.1803030303030303
images (1).jpeg,28,91.82272727272728,18.503327263892587,0.19545454545454546
images (1).jpeg,29,91.01515151515152,25.994575438921302,0.2833333333333333
images (1).jpeg,30,68.33939393939394,18.327739191594656,0.13636363636363635
images (1).jpeg,31,65.52424242424243,20.878167954908108,0.2409090909090909
images (1).jpeg,32,57.731818181818184,20.480942058491983,0.17727272727272728
images (1).jpeg,33,103.62424242424242,26.190468197916562,0.3
images (1).jpeg,34,109.81666666666666,27.526098267981713,0.3515151515151515
images (1).jpeg,35,86.96212121212122,29.60077939776256,0.33636363636363636
images (1).jpeg,36,74.28030303030303,23.428716643139808,0.10909090909090909
images (1).jpeg,37,65.87575757575758,14.846987865169933,0.09545454545454546
images (1).jpeg,38,63.68636363636364,15.35469907704337,0.07878787878787878
images (1).jpeg,39,47.81515151515151,12.600712370726127,0.0
images (1).jpeg,40,41.7469696969697,11.423974255352666,0.016666666666666666
images (1).jpeg,41,101.57878787878788,32.77510379592706,0.32575757575757575
images (1).jpeg,42,121.60303030303031,22.601286968565425,0.28484848484848485
images (1).jpeg,43,123.27424242424243,34.54065154675811,0.28939393939393937
images (1).jpeg,44,114.82575757575758,41.777530609407954,0.24545454545454545
images (1).jpeg,45,108.80454545454545,43.08113885209383,0.1893939393939394
images (1).jpeg,46,86.26515151515152,36.89696132854403,0.1696969696969697
images (1).jpeg,47,76.88484848484849,31.505825543204885,0.23484848484848486
images (1).jpeg,48,74.68030303030304,40.44198133689331,0.19545454545454546
images (1).jpeg,49,119.76818181818182,16.950531046395593,0.1787878787878788
images (1).jpeg,50,124.90757575757576,16.908101076165725,0.1606060606060606
images (1).jpeg,51,131.77575757575758,17.47781330027908,0.12424242424242424
images (1).jpeg,52,148.9848484848485,18.480696254956204,0.11818181818181818
images (1).jpeg,53,122.8378787878788,34.8396250595258,0.2681818181818182
images (1).jpeg,54,111.30454545454545,26.553770101655438,0.07272727272727272
images (1).jpeg,55,95.65454545454546,23.598704264751625,0.05
images (1).jpeg,56,79.14545454545454,22.78682621682565,0.14545454545454545
images (1).jpeg,57,132.8287878787879,16.69048236454133,0.16515151515151516
images (1).jpeg,58,127.87272727272727,23.374983684677797,0.1984848484848485
images (1).jpeg,59,131.8272727272727,20.08038048545822,0.22575757575757577
images (1).jpeg,60,126.73939393939393,20.181118378985587,0.2833333333333333
images (1).jpeg,61,125.5439393939394,19.51595018834345,0.28484848484848485
images (1).jpeg,62,119.81060606060606,22.907896142886987,0.21666666666666667
images (1).jpeg,63,106.85757575757576,23.134279043236283,0.21666666666666667
images (1).jpeg,64,87.44393939393939,21.791884983815468,0.2287878787878788
images (10).jpeg,1,125.62878787878788,27.284695816583504,0.37424242424242427
images (10).jpeg,2,173.1439393939394,40.947847942814306,0.2545454545454545
images (10).jpeg,3,213.51818181818183,20.479434688952317,0.06060606060606061
images (10).jpeg,4,222.48333333333332,16.80110100408586,0.03787878787878788
images (10).jpeg,5,198.49848484848485,50.45263302863883,0.15606060606060607
images (10).jpeg,6,152.68030303030304,56.483378407030585,0.3181818181818182
images (10).jpeg,7,100.0469696969697,39.320006934927136,0.32727272727272727
images (10).jpeg,8,101.6,51.612401610465675,0.3409090909090909
images (10).jpeg,9,105.8378787878788,26.37410498353029,0.3181818181818182
images (10).jpeg,10,132.72272727272727,28.370125641696053,0.2590909090909091
images (10).jpeg,11,132.73939393939395,19.22116793023742,0.0696969696969697
images (10).jpeg,12,159.37121212121212,26.84630929519338,0.05757575757575758
images (10).jpeg,13,139.76818181818183,46.462098137738906,0.18636363636363637
images (10).jpeg,14,126.66515151515152,46.35464408241472,0.29848484848484846
images (10).jpeg,15,105.31666666666666,45.675814445420954,0.2772727272727273
images (10).jpeg,16,109.03484848484848,35.210195632688475,0.3393939393939394
images (10).jpeg,17,101.4969696969697,25.14464199626421,0.3787878787878788
images (10).jpeg,18,112.3378787878788,20.685584683113923,0.25606060606060604
images (10).jpeg,19,127.63787878787879,15.25055652388915,0.12575757575757576
images (10).jpeg,20,137.8909090909091,14.19272890317462,0.11060606060606061
images (10).jpeg,21,145.1712121212121,12.906285350985588,0.06363636363636363
images (10).jpeg,22,118.39090909090909,37.75653957914755,0.15303030303030302
images (10).jpeg,23,119.0409090909091,37.87411155982779,0.27121212121212124
images (10).jpeg,24,115.59848484848484,29.52160478733274,0.3484848484848485
images (10).jpeg,25,104.55606060606061,19.39669316386937,0.21212121212121213
images (10).jpeg,26,113.72727272727273,23.875970838294183,0.2924242424242424
images (10).jpeg,27,109.5969696969697,15.971034099619315,0.1712121212121212
images (10).jpeg,28,113.26666666666667,14.268054308046832,0.04393939393939394
images (10).jpeg,29,121.63484848484849,14.346311873474052,0.10303030303030303
images (10).jpeg,30,126.69848484848485,17.476694372482584,0.1409090909090909
images (10).jpeg,31,116.9969696969697,22.13751765187236,0.19393939393939394
images (10).jpeg,32,102.22727272727273,34.97171820743392,0.2787878787878788
images (10).jpeg,33,81.08181818181818,22.3565318845821,0.2727272727272727
images (10).jpeg,34,123.5439393939394,28.22860481737843,0.2863636363636364
images (10).jpeg,35,123.38333333333334,44.36822533291048,0.13636363636363635
images (10).jpeg,36,128.8060606060606,43.85943759670611,0.16515151515151516
images (10).jpeg,37,131.6,32.665160756878684,0.0893939393939394
images (10).jpeg,38,112.37878787878788,27.576980492363855,0.23030303030303031
images (10).jpeg,39,101.31818181818181,34.23871594294225,0.26212121212121214
images (10).jpeg,40,70.63636363636364,27.99812567516465,0.23787878787878788
images (10).jpeg,41,86.9939393939394,24.489576501206553,0.28939393939393937
images (10).jpeg,42,114.91060606060606,23.601737409004443,0.3378787878787879
images (10).jpeg,43,155.90151515151516,33.78749541160405,0.13787878787878788
images (10).jpeg,44,180.57272727272726,28.022596647438185,0.06212121212121212
images (10).jpeg,45,199.0560606060606,19.082076540231043,0.1484848484848485
images (10).jpeg,46,189.2560606060606,27.171389971181526,0.13484848484848486
images (10).jpeg,47,156.27424242424243,43.43646286525021,0.2606060606060606
images (10).jpeg,48,94.9530303030303,27.30316731375168,0.30303030303030304
images (10).jpeg,49,109.1590909090909,31.43025697825279,0.34545454545454546
images (10).jpeg,50,113.00151515151515,24.03567419624322,0.25
images (10).jpeg,51,134.76060606060605,21.99056876900199,0.1484848484848485
images (10).jpeg,52,162.13787878787878,34.25458281727144,0.2196969696969697
images (10).jpeg,53,205.31969696969696,9.074735486536062,0.021212121212121213
images (10).jpeg,54,205.1757575757576,8.393144038459091,0.006060606060606061
images (10).jpeg,55,141.9318181818182,44.36480880529723,0.3151515151515151
images (10).jpeg,56,102.73030303030303,32.87252684416417,0.24393939393939393
images (10).jpeg,57,122.58484848484848,17.225168710298753,0.1318181818181818
images (10).jpeg,58,134.1090909090909,18.634203865982798,0.23939393939393938
images (10).jpeg,59,133.4348484848485,21.442742591038304,0.2515151515151515
images (10).jpeg,60,108.28181818181818,24.027181003963932,0.21818181818181817
images (10).jpeg,61,158.43333333333334,44.1148649905144,0.15303030303030302
images (10).jpeg,62,182.62272727272727,29.702848019016145,0.09242424242424242
images (10).jpeg,63,109.12121212121212,37.85211060586504,0.3
images (10).jpeg,64,80.14090909090909,20.692184714632305,0.27575757575757576
images (11).jpeg,1,188.22448979591837,67.94566115387833,0.26700680272108845
images (11).jpeg,2,108.60884353741497,68.96698946653798,0.3520408163265306
images (11).jpeg,3,140.23469387755102,90.10481059062805,0.2465986394557823
images (11).jpeg,4,96.28401360544218,91.09193578381873,0.2193877551020408
images (11).jpeg,5,111.04761904761905,80.49044675078272,0.2942176870748299
images (11).jpeg,6,102.6343537414966,84.60458634556876,0.24829931972789115
images (11).jpeg,7,67.54591836734694,77.82500166849223,0.11054421768707483
images (11).jpeg,8,182.0595238095238,41.26999446705388,0.3078231292517007
images (11).jpeg,9,182.3469387755102,50.39009770194158,0.2925170068027211
images (11).jpeg,10,128.77891156462584,87.18052716738214,0.2619047619047619
images (11).jpeg,11,107.54251700680273,76.49151766004375,0.282312925170068
images (11).jpeg,12,83.76700680272108,77.7675005998275,0.1564625850340136
images (11).jpeg,13,78.90136054421768,73.82455621397081,0.20238095238095238
images (11).jpeg,14,85.92517006802721,71.92097784056128,0.28401360544217685
images (11).jpeg,15,75.171768707483,58.347447049067895,0.23129251700680273
images (11).jpeg,16,158.4268707482993,49.63321001573731,0.3792517006802721
images (11).jpeg,17,123.79591836734694,56.96865575421555,0.3707482993197279
images (11).jpeg,18,135.12074829931973,58.09610304104479,0.336734693877551
images (11).jpeg,19,93.58673469387755,71.72906526383493,0.24319727891156462
images (11).jpeg,20,117.58333333333333,65.58601503735935,0.3163265306122449
images (11).jpeg,21,57.476190476190474,58.24217366866379,0.19727891156462585
images (11).jpeg,22,102.7295918367347,72.08231789346559,0.28061224489795916
images (11).jpeg,23,74.84863945578232,66.28565692874628,0.20408163265306123
images (11).jpeg,24,119.58163265306122,74.84047753459724,0.22108843537414966
images (11).jpeg,25,134.83503401360545,50.26364163664501,0.32482993197278914
images (11).jpeg,26,129.06632653061226,43.708185328802145,0.28741496598639454
images (11).jpeg,27,120.65816326530613,50.992768108306244,0.20238095238095238
images (11).jpeg,28,64.78061224489795,26.094109474841638,0.23129251700680273
images (11).jpeg,29,67.44897959183673,57.615271463054725,0.20918367346938777
images (11).jpeg,30,98.50340136054422,71.2475920728964,0.25170068027210885
images (11).jpeg,31,119.93027210884354,70.84036549114603,0.26360544217687076
images (11).jpeg,32,93.08333333333333,66.50682687921557,0.2193877551020408
images (11).jpeg,33,98.15136054421768,36.13625784170216,0.11224489795918367
images (11).jpeg,34,82.83163265306122,32.91977290861606,0.2193877551020408
images (11).jpeg,35,64.71088435374149,35.966888834248614,0.10714285714285714
images (11).jpeg,36,59.66326530612245,47.260699154539296,0.10884353741496598
images (11).jpeg,37,73.15646258503402,47.21858285758407,0.23979591836734693
images (11).jpeg,38,85.4795918367347,51.98787723522898,0.272108843537415
images (11).jpeg,39,84.93197278911565,66.10540026145482,0.2619047619047619
images (11).jpeg,40,80.42006802721089,60.1559657018253,0.2602040816326531
images (11).jpeg,41,60.493197278911566,9.640385290688219,0.0
images (11).jpeg,42,48.54931972789116,9.488586925889177,0.0
images (11).jpeg,43,83.89285714285714,62.96932967399158,0.21428571428571427
images (11).jpeg,44,68.12244897959184,59.94863424419272,0.18537414965986396
images (11).jpeg,45,54.505102040816325,35.22935021862201,0.23469387755102042
images (11).jpeg,46,53.77210884353742,20.930296637207185,0.2653061224489796
images (11).jpeg,47,46.2312925170068,25.911300302443593,0.20238095238095238
images (11).jpeg,48,77.57142857142857,61.66000147837271,0.18197278911564627
images (11).jpeg,49,122.3656462585034,71.58065221972623,0.19727891156462585
images (11).jpeg,50,153.2482993197279,84.92445370588933,0.1360544217687075
images (11).jpeg,51,82.8078231292517,37.83829908405185,0.12074829931972789
images (11).jpeg,52,53.83673469387755,20.96572869742348,0.09013605442176871
images (11).jpeg,53,52.22108843537415,19.482298720663298,0.05782312925170068
images (11).jpeg,54,60.93197278911565,19.84974506388685,0.2261904761904762
images (11).jpeg,55,100.54931972789116,52.60482844499833,0.2755102040816326
images (11).jpeg,56,71.27210884353741,40.36332575025014,0.25170068027210885
images (11).jpeg,57,61.404761904761905,27.380465834186463,0.06972789115646258
images (11).jpeg,58,65.08333333333333,9.397759599368795,0.0
images (11).jpeg,59,65.42006802721089,13.187375636791746,0.09183673469387756
images (11).jpeg,60,66.71768707482993,16.8862307578749,0.10884353741496598
images (11).jpeg,61,61.36904761904762,14.902570012267063,0.04081632653061224
images (11).jpeg,62,81.85034013605443,15.35979101929503,0.06292517006802721
images (11).jpeg,63,81.65986394557824,30.843029532291222,0.30612244897959184
images (11).jpeg,64,53.414965986394556,22.49651327100679,0.2585034013605442
images (12).jpeg,1,76.56060606060606,9.693216603250907,0.0
images (12).jpeg,2,78.44393939393939,8.157625709019023,0.0
images (12).jpeg,3,83.26515151515152,7.52396156983247,0.0
images (12).jpeg,4,84.05151515151515,6.815340148567753,0.0
images (12).jpeg,5,80.89242424242424,4.740758493400148,0.0
images (12).jpeg,6,80.60454545454546,5.568279529136495,0.0
images (12).jpeg,7,64.64090909090909,34.26646685447312,0.3015151515151515
images (12).jpeg,8,65.74545454545455,46.54644530195549,0.3575757575757576
images (12).jpeg,9,113.28181818181818,16.388908935257227,0.06666666666666667
images (12).jpeg,10,122.10606060606061,12.973199399646703,0.0
images (12).jpeg,11,130.01818181818183,17.454954225011456,0.0
images (12).jpeg,12,142.04090909090908,26.79812000005206,0.06212121212121212
images (12).jpeg,13,118.9939393939394,13.40770785539873,0.0
images (12).jpeg,14,114.32878787878788,14.49407679595792,0.02727272727272727
images (12).jpeg,15,85.91515151515152,38.432097705797325,0.2696969696969697
images (12).jpeg,16,102.74090909090908,29.96403640969341,0.11515151515151516
images (12).jpeg,17,77.59242424242424,50.43257368073181,0.3575757575757576
images (12).jpeg,18,141.41666666666666,31.623505274693787,0.15606060606060607
images (12).jpeg,19,167.4090909090909,9.335298396047696,0.0
images (12).jpeg,20,171.84848484848484,5.859833548785102,0.0
images (12).jpeg,21,162.45606060606062,9.961267851455863,0.0
images (12).jpeg,22,152.53939393939393,20.404172766847402,0.04696969696969697
images (12).jpeg,23,140.61818181818182,27.80096417060795,0.23030303030303031
images (12).jpeg,24,136.09848484848484,33.49352263215048,0.17424242424242425
images (12).jpeg,25,61.198484848484846,38.05799001215017,0.353030303030303
images (12).jpeg,26,92.23636363636363,54.440809215045476,0.3515151515151515
images (12).jpeg,27,128.8969696969697,35.66194376701172,0.07878787878787878
images (12).jpeg,28,119.52424242424243,38.095506219540496,0.05909090909090909
images (12).jpeg,29,155.33636363636364,43.30013869515066,0.07121212121212121
images (12).jpeg,30,174.2530303030303,25.43740814708735,0.051515151515151514
images (12).jpeg,31,148.3090909090909,38.922007201942954,0.19090909090909092
images (12).jpeg,32,138.55454545454546,47.440697213111406,0.2545454545454545
images (12).jpeg,33,37.443939393939395,25.550986630940667,0.22575757575757577
images (12).jpeg,34,74.31818181818181,44.22540716735638,0.33484848484848484
images (12).jpeg,35,125.2090909090909,20.003527925758096,0.11060606060606061
images (12).jpeg,36,99.21515151515152,31.842021228027185,0.15454545454545454
images (12).jpeg,37,109.99848484848485,9.961973037266514,0.0
images (12).jpeg,38,116.12878787878788,17.224984190092716,0.0893939393939394
images (12).jpeg,39,123.68181818181819,27.483967277310523,0.10303030303030303
images (12).jpeg,40,95.33484848484848,41.75986543729134,0.3212121212121212
images (12).jpeg,41,20.95,14.763968732264123,0.03787878787878788
images (12).jpeg,42,84.36666666666666,45.106259504248925,0.2196969696969697
images (12).jpeg,43,88.2530303030303,38.701161675842336,0.22121212121212122
images (12).jpeg,44,54.084848484848486,32.35792368148864,0.24242424242424243
images (12).jpeg,45,98.73333333333333,28.57141681096439,0.21666666666666667
images (12).jpeg,46,76.23333333333333,31.110654578179936,0.27121212121212124
images (12).jpeg,47,57.834848484848486,27.95990089950922,0.296969696969697
images (12).jpeg,48,44.307575757575755,25.09064059840243,0.2727272727272727
images (12).jpeg,49,40.766666666666666,28.41499995112128,0.21515151515151515
images (12).jpeg,50,73.57272727272728,42.39749687241962,0.2318181818181818
images (12).jpeg,51,43.39545454545455,31.992797161985287,0.1318181818181818
images (12).jpeg,52,44.17575757575757,23.761938374955225,0.2636363636363636
images (12).jpeg,53,59.77272727272727,23.147416541851562,0.2924242424242424
images (12).jpeg,54,59.35606060606061,28.19814430165455,0.27424242424242423
images (12).jpeg,55,39.334848484848486,23.820509322241254,0.20606060606060606
images (12).jpeg,56,37.986363636363635,22.381366616570674,0.16666666666666666
images (12).jpeg,57,66.20454545454545,34.32746462854039,0.3424242424242424
images (12).jpeg,58,107.47424242424242,44.7297704761641,0.22727272727272727
images (12).jpeg,59,116.43484848484849,29.68736590999634,0.27424242424242423
images (12).jpeg,60,98.13787878787879,27.794387187646766,0.3333333333333333
images (12).jpeg,61,107.7530303030303,25.85954908145251,0.24848484848484848
images (12).jpeg,62,114.81969696969696,23.614888214063562,0.2787878787878788
images (12).jpeg,63,96.17878787878787,36.899554547494056,0.2818181818181818
images (12).jpeg,64,85.84545454545454,37.24493531490651,0.26515151515151514
images (13).jpeg,1,119.67272727272727,37.65451619038121,0.3560606060606061
images (13).jpeg,2,94.92727272727272,31.773977085576032,0.38484848484848483
images (13).jpeg,3,56.05909090909091,28.132982246513514,0.26515151515151514
images (13).jpeg,4,106.65,43.520704755601585,0.3803030303030303
images (13).jpeg,5,116.82878787878788,37.129700050006996,0.34393939393939393
images (13).jpeg,6,117.82272727272728,37.661978638757496,0.3696969696969697
images (13).jpeg,7,123.91666666666667,45.57122990384937,0.37272727272727274
images (13).jpeg,8,113.25757575757575,42.61636853194229,0.3196969696969697
images (13).jpeg,9,96.02575757575758,26.53078720808383,0.35
images (13).jpeg,10,89.2439393939394,36.28055088280721,0.3515151515151515
images (13).jpeg,11,49.47727272727273,24.658597956251366,0.3378787878787879
images (13).jpeg,12,108.55606060606061,42.1217737863141,0.36515151515151517
images (13).jpeg,13,116.65454545454546,36.66480511177303,0.4015151515151515
images (13).jpeg,14,102.5969696969697,33.086635449418516,0.3606060606060606
images (13).jpeg,15,106.96515151515152,41.122842551585585,0.3409090909090909
images (13).jpeg,16,89.09242424242424,35.64975587746778,0.3090909090909091
images (13).jpeg,17,84.38484848484849,32.2051249564707,0.36818181818181817
images (13).jpeg,18,116.35303030303031,39.89616720292728,0.38636363636363635
images (13).jpeg,19,66.2939393939394,39.410408096077326,0.35
images (13).jpeg,20,77.80757575757576,36.50497189303024,0.31666666666666665
images (13).jpeg,21,115.44545454545455,41.49342840198872,0.36818181818181817
images (13).jpeg,22,43.84848484848485,23.080650707860368,0.19545454545454546
images (13).jpeg,23,46.75151515151515,27.828404076804183,0.22575757575757577
images (13).jpeg,24,55.18333333333333,31.33747917446617,0.35
images (13).jpeg,25,94.26515151515152,39.52077701521231,0.38181818181818183
images (13).jpeg,26,91.5939393939394,36.6338387981281,0.3484848484848485
images (13).jpeg,27,96.29848484848485,40.73715076253825,0.39090909090909093
images (13).jpeg,28,76.35454545454546,34.16486402554966,0.31212121212121213
images (13).jpeg,29,115.62878787878788,40.66686636246864,0.36666666666666664
images (13).jpeg,30,83.2,46.21818479841681,0.2909090909090909
images (13).jpeg,31,54.73939393939394,28.406176658606544,0.29393939393939394
images (13).jpeg,32,74.65757575757576,37.341840456363464,0.37424242424242427
images (13).jpeg,33,63.339393939393936,36.58555717181419,0.3560606060606061
images (13).jpeg,34,90.20757575757575,43.10794348020728,0.33181818181818185
images (13).jpeg,35,108.6969696969697,43.74543082528724,0.39090909090909093
images (13).jpeg,36,117.76969696969697,45.918851247697525,0.38636363636363635
images (13).jpeg,37,102.21969696969697,43.07071605773875,0.3924242424242424
images (13).jpeg,38,83.31060606060606,37.248049079633034,0.29393939393939394
images (13).jpeg,39,92.88787878787879,43.364727026074014,0.31212121212121213
images (13).jpeg,40,64.98181818181818,37.06055204535324,0.3212121212121212
images (13).jpeg,41,31.028787878787877,20.28376171817873,0.21818181818181817
images (13).jpeg,42,68.58030303030303,32.39399364312151,0.37424242424242427
images (13).jpeg,43,92.67424242424242,41.05138985801289,0.33181818181818185
images (13).jpeg,44,82.14090909090909,38.21973739373782,0.38636363636363635
images (13).jpeg,45,97.37575757575758,48.88726691941697,0.36515151515151517
images (13).jpeg,46,104.53787878787878,46.88092674500107,0.38484848484848483
images (13).jpeg,47,89.33939393939394,47.71299892376665,0.32575757575757575
images (13).jpeg,48,92.34848484848484,47.45191902248461,0.353030303030303
images (13).jpeg,49,46.70757575757576,35.007024449240404,0.30454545454545456
images (13).jpeg,50,55.70909090909091,32.02101926752378,0.3378787878787879
images (13).jpeg,51,80.23787878787878,36.67378001999527,0.37272727272727274
images (13).jpeg,52,89.51515151515152,46.435142916807266,0.346969696969697
images (13).jpeg,53,120.96212121212122,39.034601065579544,0.35909090909090907
images (13).jpeg,54,153.53030303030303,50.58977010525064,0.3560606060606061
images (13).jpeg,55,104.82272727272728,46.252473465241756,0.38181818181818183
images (13).jpeg,56,90.82575757575758,35.02953217538138,0.36363636363636365
images (13).jpeg,57,44.54090909090909,38.69362752824767,0.20909090909090908
images (13).jpeg,58,41.71515151515152,21.67509562681532,0.25757575757575757
images (13).jpeg,59,79.86212121212121,37.812825566448225,0.3606060606060606
images (13).jpeg,60,164.3969696969697,47.056960872700216,0.3924242424242424
images (13).jpeg,61,191.06363636363636,33.47593724835269,0.33484848484848484
images (13).jpeg,62,185.96363636363637,34.045493789676776,0.39545454545454545
images (13).jpeg,63,155.1878787878788,46.62485198660889,0.37727272727272726
images (13).jpeg,64,71.13030303030303,34.12443348268559,0.3303030303030303
images (14).jpeg,1,123.20056100981768,27.94174263449667,0.24123422159887797
images (14).jpeg,2,122.85133239831697,27.502600699011847,0.1640953716690042
images (14).jpeg,3,137.37727910238428,23.480214938932804,0.14165497896213183
images (14).jpeg,4,127.27769985974754,32.561324502158705,0.11781206171107994
images (14).jpeg,5,99.50771388499298,26.228957573468087,0.1753155680224404
images (14).jpeg,6,157.109396914446,18.908188414476772,0.06872370266479663
images (14).jpeg,7,122.69284712482468,36.25180236405948,0.1879382889200561
images (14).jpeg,8,91.0336605890603,19.224268503725014,0.11640953716690042
images (14).jpeg,9,108.3702664796634,27.826255414478997,0.22861150070126227
images (14).jpeg,10,120.06030855539971,26.607225888281008,0.1753155680224404
images (14).jpeg,11,139.38569424964936,21.516454908073147,0.043478260869565216
images (14).jpeg,12,119.44039270687237,29.115182505012726,0.11220196353436185
images (14).jpeg,13,108.20897615708274,29.453647291692803,0.18934081346423562
images (14).jpeg,14,127.0070126227209,25.838341020112917,0.29873772791023845
images (14).jpeg,15,108.92987377279103,26.7191117150179,0.29453015427769985
images (14).jpeg,16,93.30715287517532,24.76769299789667,0.2762973352033661
images (14).jpeg,17,107.02945301542778,41.31448814346304,0.1935483870967742
images (14).jpeg,18,107.12482468443197,28.784781768061098,0.182328190743338
images (14).jpeg,19,118.84712482468443,28.799406273242706,0.14866760168302945
images (14).jpeg,20,98.4586255259467,29.63094714459624,0.08555399719495091
images (14).jpeg,21,123.6577840112202,39.75105738004122,0.31136044880785413
images (14).jpeg,22,110.06311360448808,28.495273097532202,0.2973352033660589
images (14).jpeg,23,101.75175315568022,27.721593760118832,0.2805049088359046
images (14).jpeg,24,95.46143057503507,26.137171580067907,0.34221598877980364
images (14).jpeg,25,91.50070126227209,39.64863648834356,0.14165497896213183
images (14).jpeg,26,91.42075736325386,19.478393567647988,0.14165497896213183
images (14).jpeg,27,93.4389901823282,17.974486986572902,0.025245441795231416
images (14).jpeg,28,97.84011220196354,27.403273030396104,0.16129032258064516
images (14).jpeg,29,115.5063113604488,37.16111431846105,0.302945301542777
images (14).jpeg,30,114.27208976157083,25.61209212646103,0.2552594670406732
images (14).jpeg,31,124.50210378681626,39.42821066718087,0.2594670406732118
images (14).jpeg,32,113.03225806451613,38.61795936483737,0.28892005610098176
images (14).jpeg,33,100.22019635343618,37.02753664622685,0.16549789621318373
images (14).jpeg,34,97.14866760168303,18.371812104196355,0.12201963534361851
images (14).jpeg,35,115.25245441795231,19.755183182124195,0.13744740532959326
images (14).jpeg,36,126.05189340813465,34.634964375390524,0.23842917251051893
images (14).jpeg,37,104.42776998597475,39.73133000122937,0.3071528751753156
images (14).jpeg,38,120.64235624123422,31.304230383287216,0.34221598877980364
images (14).jpeg,39,117.96774193548387,39.077587763936116,0.3015427769985975
images (14).jpeg,40,85.1304347826087,37.67128938954694,0.3338008415147265
images (14).jpeg,41,90.41234221598879,45.17636890784556,0.2061711079943899
images (14).jpeg,42,92.56942496493689,34.94962942184127,0.2973352033660589
images (14).jpeg,43,90.33660589060308,37.784121693571706,0.30014025245441794
images (14).jpeg,44,49.890603085554,30.172097934112646,0.12201963534361851
images (14).jpeg,45,125.51893408134643,56.46108509034435,0.2608695652173913
images (14).jpeg,46,134.20897615708276,35.15132309745303,0.3492286115007013
images (14).jpeg,47,129.43618513323983,38.67811110038747,0.3534361851332398
images (14).jpeg,48,113.15287517531557,30.588072930774178,0.34221598877980364
images (14).jpeg,49,77.19775596072931,39.89272284236502,0.30995792426367463
images (14).jpeg,50,154.31977559607293,45.945499318905306,0.33520336605890605
images (14).jpeg,51,139.7391304347826,48.6905890475403,0.3169705469845722
images (14).jpeg,52,129.38849929873774,40.05825676505468,0.3534361851332398
images (14).jpeg,53,155.91444600280505,32.12972873729807,0.2720897615708275
images (14).jpeg,54,171.27629733520337,26.13248609466825,0.29312762973352036
images (14).jpeg,55,170.99579242636747,35.23690584441928,0.33099579242636745
images (14).jpeg,56,146.18092566619916,34.733924724581236,0.3141654978962132
images (14).jpeg,57,160.58485273492286,72.72848232176194,0.23562412342215988
images (14).jpeg,58,162.55539971949509,68.92584040148225,0.20897615708274894
images (14).jpeg,59,182.94389901823283,47.136782193622906,0.22159887798036465
images (14).jpeg,60,177.24263674614306,52.51729193412255,0.302945301542777
images (14).jpeg,61,190.1781206171108,42.481979987718276,0.24403927068723702
images (14).jpeg,62,183.46984572230014,45.42808075733083,0.26227208976157085
images (14).jpeg,63,193.27349228611502,46.42440459738703,0.2131837307152875
images (14).jpeg,64,196.87938288920057,45.24292583275416,0.1879382889200561
images (2).jpeg,1,160.8530303030303,19.75696056627293,0.07878787878787878
images (2).jpeg,2,188.4469696969697,27.21199445708482,0.1409090909090909
images (2).jpeg,3,206.7969696969697,24.884180015819044,0.16363636363636364
images (2).jpeg,4,193.5530303030303,41.439608192898014,0.2696969696969697
images (2).jpeg,5,166.9409090909091,34.860342481987075,0.3242424242424242
images (2).jpeg,6,112.8439393939394,32.24816005457393,0.3196969696969697
images (2).jpeg,7,124.04242424242425,58.346026482051556,0.2924242424242424
images (2).jpeg,8,179.8318181818182,43.44251394551582,0.3409090909090909
images (2).jpeg,9,150.0878787878788,23.506894637541112,0.16515151515151516
images (2).jpeg,10,132.78181818181818,50.264521221870915,0.2636363636363636
images (2).jpeg,11,114.47575757575757,47.27791162325576,0.30757575757575756
images (2).jpeg,12,122.81666666666666,56.192914692300505,0.31666666666666665
images (2).jpeg,13,160.40757575757576,33.1891129037094,0.2803030303030303
images (2).jpeg,14,107.4560606060606,35.16333588472205,0.28939393939393937
images (2).jpeg,15,182.53484848484848,46.26265917635899,0.2772727272727273
images (2).jpeg,16,196.8560606060606,41.64407858808828,0.30303030303030304
images (2).jpeg,17,168.96212121212122,29.603901591510756,0.28484848484848485
images (2).jpeg,18,160.64242424242425,56.79681505316697,0.31666666666666665
images (2).jpeg,19,103.71060606060605,63.51637495568744,0.28939393939393937
images (2).jpeg,20,109.67878787878787,49.42563901934052,0.32272727272727275
images (2).jpeg,21,140.86666666666667,32.98140584197604,0.36818181818181817
images (2).jpeg,22,70.12878787878788,26.89271764190309,0.22727272727272727
images (2).jpeg,23,133.86818181818182,46.938863070926466,0.2681818181818182
images (2).jpeg,24,184.21060606060607,28.67090505377163,0.3106060606060606
images (2).jpeg,25,156.2439393939394,48.04107658063701,0.2727272727272727
images (2).jpeg,26,166.63030303030303,50.1000180538798,0.31666666666666665
images (2).jpeg,27,87.26666666666667,58.04302305404609,0.31666666666666665
images (2).jpeg,28,85.45454545454545,41.300077708556216,0.2772727272727273
images (2).jpeg,29,121.7909090909091,27.23314450774303,0.2818181818181818
images (2).jpeg,30,66.9590909090909,19.696326970865677,0.1621212121212121
images (2).jpeg,31,102.98939393939393,39.86125417596862,0.23484848484848486
images (2).jpeg,32,176.0878787878788,29.04189510445272,0.3090909090909091
images (2).jpeg,33,145.5651515151515,37.404427676754096,0.3015151515151515
images (2).jpeg,34,187.1060606060606,44.78410458940889,0.2696969696969697
images (2).jpeg,35,71.44393939393939,42.514506004948615,0.2696969696969697
images (2).jpeg,36,122.63939393939394,33.46319044538649,0.31363636363636366
images (2).jpeg,37,103.16515151515152,34.67321467481973,0.27424242424242423
images (2).jpeg,38,98.32424242424243,47.10572589722895,0.25757575757575757
images (2).jpeg,39,81.25,33.91495044425634,0.2681818181818182
images (2).jpeg,40,138.12575757575758,45.20278487869653,0.2727272727272727
images (2).jpeg,41,169.02727272727273,45.53868666827222,0.3106060606060606
images (2).jpeg,42,196.8560606060606,40.914606670804375,0.30606060606060603
images (2).jpeg,43,145.26060606060605,50.068970245561,0.30606060606060603
images (2).jpeg,44,148.32272727272726,27.644010231022786,0.3424242424242424
images (2).jpeg,45,78.01515151515152,40.930425974225926,0.2409090909090909
images (2).jpeg,46,53.92727272727273,33.58608363257176,0.11212121212121212
images (2).jpeg,47,73.55909090909091,43.793639628384696,0.1590909090909091
images (2).jpeg,48,78.06363636363636,36.07755382238605,0.23484848484848486
images (2).jpeg,49,222.39545454545456,33.77025287644206,0.22727272727272727
images (2).jpeg,50,208.4469696969697,40.90008416564271,0.29545454545454547
images (2).jpeg,51,163.98333333333332,36.91482449743961,0.35454545454545455
images (2).jpeg,52,147.93030303030304,31.65804014731137,0.3242424242424242
images (2).jpeg,53,79.51212121212122,31.331195196962344,0.22272727272727272
images (2).jpeg,54,85.19393939393939,59.742746177630735,0.09696969696969697
images (2).jpeg,55,51.5030303030303,54.814411314789844,0.2318181818181818
images (2).jpeg,56,90.74090909090908,32.03966990557802,0.28484848484848485
images (2).jpeg,57,185.3121212121212,37.03237124115715,0.2727272727272727
images (2).jpeg,58,157.53939393939393,47.595231104335596,0.33181818181818185
images (2).jpeg,59,161.47424242424242,29.607087657815892,0.35909090909090907
images (2).jpeg,60,137.51818181818183,31.974155799934067,0.3878787878787879
images (2).jpeg,61,91.15757575757576,43.06372325739746,0.18333333333333332
images (2).jpeg,62,193.9909090909091,47.16839506611337,0.29848484848484846
images (2).jpeg,63,122.80909090909091,55.19949968831439,0.32272727272727275
images (2).jpeg,64,110.53787878787878,47.49969781451411,0.3196969696969697
images (3).jpeg,1,123.79931972789116,49.97836810509917,0.33843537414965985
images (3).jpeg,2,158.09863945578232,63.07406130124548,0.2687074829931973
images (3).jpeg,3,184.43367346938774,59.29647655133973,0.25
images (3).jpeg,4,175.73299319727892,50.99488236181344,0.2227891156462585
images (3).jpeg,5,152.85204081632654,46.19060126795204,0.2942176870748299
images (3).jpeg,6,107.21938775510205,34.61289079445641,0.3282312925170068
images (3).jpeg,7,90.70068027210884,35.74349566746972,0.23299319727891157
images (3).jpeg,8,94.89285714285714,36.21732047958668,0.26700680272108845
images (3).jpeg,9,139.56632653061226,55.94181886022277,0.3656462585034014
images (3).jpeg,10,188.26700680272108,73.42226070635013,0.17687074829931973
images (3).jpeg,11,193.50680272108843,58.51209208111927,0.17687074829931973
images (3).jpeg,12,155.69387755102042,60.92577867153859,0.1836734693877551
images (3).jpeg,13,164.18537414965985,65.64003043576619,0.20408163265306123
images (3).jpeg,14,207.02551020408163,54.114086735739086,0.12414965986394558
images (3).jpeg,15,115.38775510204081,53.6530741623374,0.22448979591836735
images (3).jpeg,16,96.32482993197279,33.18354843707705,0.29591836734693877
images (3).jpeg,17,187.00510204081633,74.69786062620832,0.2534013605442177
images (3).jpeg,18,217.10374149659864,46.85769946984855,0.25170068027210885
images (3).jpeg,19,151.60714285714286,71.488287537904,0.2465986394557823
images (3).jpeg,20,123.34353741496598,21.46808283671307,0.24319727891156462
images (3).jpeg,21,110.98299319727892,30.27610556051617,0.16666666666666666
images (3).jpeg,22,145.5612244897959,62.22576292252061,0.30612244897959184
images (3).jpeg,23,120.84693877551021,33.73254712480016,0.2857142857142857
images (3).jpeg,24,83.87414965986395,29.812586002238504,0.3010204081632653
images (3).jpeg,25,209.35884353741497,63.221875842600184,0.19727891156462585
images (3).jpeg,26,202.4812925170068,61.314717221799725,0.22959183673469388
images (3).jpeg,27,127.49319727891157,68.7630874715566,0.25
images (3).jpeg,28,89.64965986394557,38.94077637271961,0.22108843537414966
images (3).jpeg,29,75.07993197278911,33.445336740048475,0.21768707482993196
images (3).jpeg,30,87.04591836734694,31.852278087990765,0.2193877551020408
images (3).jpeg,31,91.03571428571429,25.227544402867263,0.1836734693877551
images (3).jpeg,32,78.9812925170068,28.893976793235634,0.27721088435374147
images (3).jpeg,33,220.15986394557822,37.35195203827939,0.1360544217687075
images (3).jpeg,34,183.25340136054422,60.1729260203101,0.24319727891156462
images (3).jpeg,35,109.06462585034014,51.47629307428358,0.2585034013605442
images (3).jpeg,36,81.60374149659864,28.449103370753928,0.18877551020408162
images (3).jpeg,37,96.17687074829932,27.77116173697797,0.0782312925170068
images (3).jpeg,38,72.46088435374149,23.765081153051334,0.18877551020408162
images (3).jpeg,39,63.984693877551024,30.687332089261673,0.20748299319727892
images (3).jpeg,40,71.19897959183673,29.08156835534126,0.30952380952380953
images (3).jpeg,41,132.27891156462584,62.69929122329649,0.32142857142857145
images (3).jpeg,42,154.6751700680272,52.11723045217474,0.33843537414965985
images (3).jpeg,43,94.921768707483,36.207367643914765,0.24489795918367346
images (3).jpeg,44,52.70748299319728,27.731636906273877,0.2619047619047619
images (3).jpeg,45,103.79081632653062,15.952590816396555,0.030612244897959183
images (3).jpeg,46,73.43027210884354,18.192477194064832,0.12585034013605442
images (3).jpeg,47,83.18877551020408,25.388211882333447,0.23979591836734693
images (3).jpeg,48,66.24829931972789,26.34722836819687,0.30952380952380953
images (3).jpeg,49,85.44727891156462,36.05365817924558,0.2789115646258503
images (3).jpeg,50,92.39455782312925,37.36910175935566,0.20408163265306123
images (3).jpeg,51,80.70408163265306,38.82812533040461,0.2687074829931973
images (3).jpeg,52,60.97789115646258,25.15843377697829,0.1989795918367347
images (3).jpeg,53,85.7874149659864,23.575267612000996,0.18877551020408162
images (3).jpeg,54,74.01360544217687,18.976529146009767,0.23469387755102042
images (3).jpeg,55,73.70408163265306,27.919055442648176,0.2687074829931973
images (3).jpeg,56,60.79931972789116,32.14693941610841,0.3163265306122449
images (3).jpeg,57,87.35544217687075,28.55382530888753,0.18877551020408162
images (3).jpeg,58,100.60714285714286,49.755460678672634,0.28061224489795916
images (3).jpeg,59,88.04421768707483,38.028695984289776,0.3435374149659864
images (3).jpeg,60,77.28061224489795,26.243842782239373,0.29081632653061223
images (3).jpeg,61,78.04251700680273,31.336171994953848,0.31802721088435376
images (3).jpeg,62,77.98979591836735,29.42984101444011,0.29081632653061223
images (3).jpeg,63,92.8452380952381,27.343273764884223,0.3486394557823129
images (3).jpeg,64,94.23299319727892,28.467103580780137,0.31802721088435376
images (4).jpeg,1,95.31777777777778,33.49877469658912,0.32
images (4).jpeg,2,65.16444444444444,34.44737793959912,0.31333333333333335
images (4).jpeg,3,92.19777777777777,38.26014455969025,0.3244444444444444
images (4).jpeg,4,82.02888888888889,37.248911227770414,0.30666666666666664
images (4).jpeg,5,95.91111111111111,27.021984648078455,0.31555555555555553
images (4).jpeg,6,102.11555555555556,37.96612499207129,0.31777777777777777
images (4).jpeg,7,86.21333333333334,42.18708385802987,0.37777777777777777
images (4).jpeg,8,50.34222222222222,32.29899543597045,0.24444444444444444
images (4).jpeg,9,94.80888888888889,34.564000682934214,0.3511111111111111
images (4).jpeg,10,78.89777777777778,32.21370646092463,0.35555555555555557
images (4).jpeg,11,101.11777777777777,29.466695240475506,0.3422222222222222
images (4).jpeg,12,92.5111111111111,39.752021456481216,0.3977777777777778
images (4).jpeg,13,87.70666666666666,38.734517480464945,0.3511111111111111
images (4).jpeg,14,151.15777777777777,46.273817837778964,0.2577777777777778
images (4).jpeg,15,81.12666666666667,71.49193862869357,0.23333333333333334
images (4).jpeg,16,55.20666666666666,26.246852933044924,0.35333333333333333
images (4).jpeg,17,102.48222222222222,32.07450901253302,0.31555555555555553
images (4).jpeg,18,114.08222222222223,25.005686365650593,0.37777777777777777
images (4).jpeg,19,102.38888888888889,30.857700081519162,0.3333333333333333
images (4).jpeg,20,107.36222222222223,39.34191877424774,0.3466666666666667
images (4).jpeg,21,92.25333333333333,54.10432556131205,0.3377777777777778
images (4).jpeg,22,161.54888888888888,44.699674978794604,0.16666666666666666
images (4).jpeg,23,92.77111111111111,56.4168104270831,0.2866666666666667
images (4).jpeg,24,43.595555555555556,22.081786919999182,0.3088888888888889
images (4).jpeg,25,105.65777777777778,29.30139540771917,0.3422222222222222
images (4).jpeg,26,122.68666666666667,21.79239520770695,0.3022222222222222
images (4).jpeg,27,117.56666666666666,25.88377870404551,0.3288888888888889
images (4).jpeg,28,111.9888888888889,24.752326240597824,0.3466666666666667
images (4).jpeg,29,123.12222222222222,35.10132247517425,0.3111111111111111
images (4).jpeg,30,161.45777777777778,28.32500653242164,0.22666666666666666
images (4).jpeg,31,148.03555555555556,67.79786019420952,0.19777777777777777
images (4).jpeg,32,57.98,31.441897737467013,0.3
images (4).jpeg,33,106.29555555555555,25.994003202068278,0.3688888888888889
images (4).jpeg,34,122.72222222222223,27.482530927351643,0.3333333333333333
images (4).jpeg,35,105.09777777777778,24.991629611077464,0.3088888888888889
images (4).jpeg,36,91.86222222222223,34.37219347016738,0.3466666666666667
images (4).jpeg,37,99.17777777777778,59.09178882190688,0.2822222222222222
images (4).jpeg,38,138.88222222222223,32.17268537052227,0.19111111111111112
images (4).jpeg,39,158.67555555555555,43.49172670012108,0.13777777777777778
images (4).jpeg,40,70.69777777777777,31.019452598428824,0.3511111111111111
images (4).jpeg,41,105.34,25.083459800345636,0.3377777777777778
images (4).jpeg,42,113.53333333333333,28.32046766719944,0.3933333333333333
images (4).jpeg,43,104.85111111111111,44.91827206641077,0.3088888888888889
images (4).jpeg,44,139.8022222222222,50.62813003279189,0.38
images (4).jpeg,45,87.7311111111111,70.11397807133507,0.20222222222222222
images (4).jpeg,46,78.08,59.49433437078041,0.14888888888888888
images (4).jpeg,47,140.55777777777777,49.22941753278506,0.3422222222222222
images (4).jpeg,48,88.83111111111111,31.804442891745815,0.36666666666666664
images (4).jpeg,49,78.95777777777778,32.373178122149135,0.3111111111111111
images (4).jpeg,50,100.38444444444444,26.435182411623387,0.35333333333333333
images (4).jpeg,51,103.16444444444444,34.54593821151165,0.38666666666666666
images (4).jpeg,52,55.43333333333333,37.66933618858831,0.21333333333333335
images (4).jpeg,53,37.18888888888889,31.953679824411264,0.22666666666666666
images (4).jpeg,54,127.5911111111111,83.37527963563893,0.23777777777777778
images (4).jpeg,55,141.3,48.01760093965545,0.24888888888888888
images (4).jpeg,56,111.61333333333333,23.513717981921392,0.32
images (4).jpeg,57,116.87333333333333,38.3445716859346,0.34444444444444444
images (4).jpeg,58,132.00666666666666,29.842809668140983,0.26222222222222225
images (4).jpeg,59,128.4,36.586032550384274,0.18444444444444444
images (4).jpeg,60,80.84,52.557703315287455,0.23333333333333334
images (4).jpeg,61,124.10444444444444,48.30661539952912,0.3377777777777778
images (4).jpeg,62,165.0688888888889,34.072826072153305,0.2688888888888889
images (4).jpeg,63,147.39333333333335,35.349410807599675,0.20444444444444446
images (4).jpeg,64,128.59555555555556,17.25188499273251,0.1288888888888889
images (5).jpeg,1,90.27878787878788,31.964675176463512,0.06212121212121212
images (5).jpeg,2,89.9469696969697,23.979446500151482,0.08636363636363636
images (5).jpeg,3,55.515151515151516,31.85085623902223,0.045454545454545456
images (5).jpeg,4,54.089393939393936,15.382187935833336,0.0
images (5).jpeg,5,57.11363636363637,10.076260525155098,0.0
images (5).jpeg,6,48.35454545454545,5.049607900114976,0.0
images (5).jpeg,7,53.69090909090909,2.3750424093647236,0.0
images (5).jpeg,8,48.34090909090909,2.8615251958144614,0.0
images (5).jpeg,9,69.02121212121212,7.4688954023176795,0.0
images (5).jpeg,10,92.88636363636364,25.659733733258182,0.030303030303030304
images (5).jpeg,11,112.5969696969697,23.735499367217933,0.03787878787878788
images (5).jpeg,12,113.7939393939394,26.280248827219452,0.05454545454545454
images (5).jpeg,13,116.72727272727273,18.710186380155736,0.0
images (5).jpeg,14,94.41363636363636,25.357984734737155,0.05454545454545454
images (5).jpeg,15,59.83030303030303,13.095742654227303,0.02727272727272727
images (5).jpeg,16,50.47727272727273,4.154344037289797,0.0
images (5).jpeg,17,80.7469696969697,22.83892026116934,0.0
images (5).jpeg,18,74.61060606060606,41.52022007877928,0.05454545454545454
images (5).jpeg,19,140.20757575757577,15.895042209768473,0.04242424242424243
images (5).jpeg,20,97.67878787878787,40.636338101363634,0.04090909090909091
images (5).jpeg,21,67.37424242424242,11.190131076845706,0.0
images (5).jpeg,22,62.93181818181818,16.295097413778105,0.0
images (5).jpeg,23,60.39848484848485,9.314390827756514,0.0
images (5).jpeg,24,62.2,5.824139941708652,0.0
images (5).jpeg,25,71.63636363636364,22.88888599142332,0.024242424242424242
images (5).jpeg,26,86.66969696969697,22.73576790725167,0.05
images (5).jpeg,27,113.6969696969697,19.19214619748788,0.05
images (5).jpeg,28,79.18787878787879,43.44897221350063,0.14393939393939395
images (5).jpeg,29,76.79848484848485,37.19262305653539,0.07878787878787878
images (5).jpeg,30,106.47575757575757,14.93433161509799,0.02727272727272727
images (5).jpeg,31,86.18333333333334,9.470113809007554,0.0
images (5).jpeg,32,77.67272727272727,13.763220040939432,0.0
images (5).jpeg,33,84.59242424242424,22.114007699810795,0.0
images (5).jpeg,34,73.13787878787879,17.190133402901505,0.08484848484848485
images (5).jpeg,35,100.13333333333334,16.87216942216089,0.0
images (5).jpeg,36,80.35151515151514,37.0581943762994,0.07727272727272727
images (5).jpeg,37,61.67121212121212,52.56522143576842,0.12121212121212122
images (5).jpeg,38,93.74545454545455,48.51434084080326,0.35
images (5).jpeg,39,83.9030303030303,39.41899622700375,0.22121212121212122
images (5).jpeg,40,104.87121212121212,22.66542063298531,0.18181818181818182
images (5).jpeg,41,85.10151515151514,10.603472736229026,0.0
images (5).jpeg,42,90.53636363636363,18.720112635341962,0.03484848484848485
images (5).jpeg,43,107.08939393939394,14.624373892714269,0.022727272727272728
images (5).jpeg,44,126.40757575757576,8.79388235367755,0.0
images (5).jpeg,45,96.50151515151515,47.64380144243461,0.09393939393939393
images (5).jpeg,46,73.5060606060606,32.396524686359534,0.18181818181818182
images (5).jpeg,47,68.06969696969696,53.93105579066714,0.21818181818181817
images (5).jpeg,48,92.2,33.68156586009443,0.37272727272727274
images (5).jpeg,49,106.3,38.20734103665039,0.07727272727272727
images (5).jpeg,50,86.90757575757576,24.20816798424349,0.05
images (5).jpeg,51,105.7909090909091,23.198130327435987,0.04090909090909091
images (5).jpeg,52,142.10454545454544,12.60854606543901,0.03636363636363636
images (5).jpeg,53,137.14545454545456,19.82957831897945,0.024242424242424242
images (5).jpeg,54,107.16666666666667,45.491452188540016,0.25606060606060604
images (5).jpeg,55,121.9,36.96754104493685,0.37424242424242427
images (5).jpeg,56,78.80606060606061,30.62379684111727,0.3378787878787879
images (5).jpeg,57,142.5878787878788,23.05763211023114,0.02727272727272727
images (5).jpeg,58,91.50909090909092,16.294400667497644,0.0
images (5).jpeg,59,74.05454545454545,11.686046870522773,0.010606060606060607
images (5).jpeg,60,121.7030303030303,30.651308586910133,0.07878787878787878
images (5).jpeg,61,139.22575757575757,18.295030047148842,0.048484848484848485
images (5).jpeg,62,115.14848484848486,39.212155051271054,0.3393939393939394
images (5).jpeg,63,87.43333333333334,38.394839983697516,0.3409090909090909
images (5).jpeg,64,84.36060606060606,39.386895524103316,0.3606060606060606
images (6).jpeg,1,197.4878787878788,3.131197619244459,0.0
images (6).jpeg,2,205.86666666666667,2.7075278522495516,0.0
images (6).jpeg,3,212.37121212121212,2.292297058299696,0.0
images (6).jpeg,4,217.12575757575758,1.4967450144230257,0.0
images (6).jpeg,5,217.92424242424244,1.07182379347577,0.0
images (6).jpeg,6,217.44545454545454,1.3286107825733795,0.0
images (6).jpeg,7,212.5030303030303,2.6597430781009597,0.0
images (6).jpeg,8,205.4060606060606,3.029445333164131,0.0
images (6).jpeg,9,199.23939393939395,3.35165625216706,0.0
images (6).jpeg,10,208.3272727272727,2.182335797186226,0.0
images (6).jpeg,11,215.94848484848484,2.7694897475693323,0.0
images (6).jpeg,12,221.5681818181818,2.804199182984554,0.0
images (6).jpeg,13,223.6030303030303,1.8537406651490334,0.0
images (6).jpeg,14,221.72272727272727,2.2082006561318304,0.0
images (6).jpeg,15,215.93939393939394,2.543433541129999,0.0
images (6).jpeg,16,207.78636363636363,2.924006506420049,0.0
images (6).jpeg,17,196.46212121212122,21.43107532159441,0.06363636363636363
images (6).jpeg,18,208.93030303030304,5.382180748092945,0.0
images (6).jpeg,19,217.12878787878788,5.876255898039756,0.0
images (6).jpeg,20,223.27121212121213,3.6416057543556395,0.0
images (6).jpeg,21,224.25454545454545,5.971299584913017,0.0
images (6).jpeg,22,221.47727272727272,6.032319405541148,0.0
images (6).jpeg,23,215.6787878787879,7.266350739966845,0.0
images (6).jpeg,24,209.04242424242423,4.827448683281402,0.0
images (6).jpeg,25,199.2651515151515,26.885295025597298,0.07575757575757576
images (6).jpeg,26,205.11969696969697,23.37998185250203,0.045454545454545456
images (6).jpeg,27,219.03939393939393,2.84471220187182,0.0
images (6).jpeg,28,224.28030303030303,3.2275199080187686,0.0
images (6).jpeg,29,222.4287878787879,12.340353429832811,0.03787878787878788
images (6).jpeg,30,221.26818181818183,12.746926653843165,0.022727272727272728
images (6).jpeg,31,214.53484848484848,15.460516597510306,0.016666666666666666
images (6).jpeg,32,197.27575757575758,29.72372310689174,0.1318181818181818
images (6).jpeg,33,95.52424242424243,52.196229576491795,0.22575757575757577
images (6).jpeg,34,113.72272727272727,45.42650172783119,0.12575757575757576
images (6).jpeg,35,119.23333333333333,52.02208252950924,0.15757575757575756
images (6).jpeg,36,126.99090909090908,43.14924672706289,0.14696969696969697
images (6).jpeg,37,102.32121212121213,51.46605093195671,0.15454545454545454
images (6).jpeg,38,97.7060606060606,38.137927033604875,0.1590909090909091
images (6).jpeg,39,98.62878787878788,50.45874482023699,0.15757575757575756
images (6).jpeg,40,67.10757575757576,38.54924756804525,0.0893939393939394
images (6).jpeg,41,37.943939393939395,27.36860969436313,0.12878787878787878
images (6).jpeg,42,54.46060606060606,32.44996091321304,0.13484848484848486
images (6).jpeg,43,74.10909090909091,25.539041576145713,0.10303030303030303
images (6).jpeg,44,57.15151515151515,24.590674768763538,0.0893939393939394
images (6).jpeg,45,69.4469696969697,20.64127755983413,0.11818181818181818
images (6).jpeg,46,64.26818181818182,12.128574563263365,0.05303030303030303
images (6).jpeg,47,56.903030303030306,14.015240294559106,0.016666666666666666
images (6).jpeg,48,40.16818181818182,16.621924724372317,0.08333333333333333
images (6).jpeg,49,48.93939393939394,26.090854538358485,0.2287878787878788
images (6).jpeg,50,53.17575757575757,39.338923821787276,0.20454545454545456
images (6).jpeg,51,78.05909090909091,44.77896380191879,0.2
images (6).jpeg,52,56.845454545454544,44.1629598735568,0.17424242424242425
images (6).jpeg,53,78.09545454545454,41.5049647699039,0.24393939393939393
images (6).jpeg,54,37.10151515151515,19.971274768680495,0.09848484848484848
images (6).jpeg,55,37.406060606060606,22.580400986776112,0.15151515151515152
images (6).jpeg,56,32.93030303030303,31.65516842139622,0.15757575757575756
images (6).jpeg,57,46.31515151515151,17.19920930550643,0.04242424242424243
images (6).jpeg,58,60.47121212121212,19.14816444365008,0.13333333333333333
images (6).jpeg,59,68.4939393939394,21.408613947377397,0.07424242424242425
images (6).jpeg,60,44.75909090909091,21.813350633046277,0.07878787878787878
images (6).jpeg,61,43.81666666666667,19.956574699516292,0.013636363636363636
images (6).jpeg,62,36.11212121212121,12.597480690315956,0.015151515151515152
images (6).jpeg,63,40.845454545454544,17.168162763446073,0.06363636363636363
images (6).jpeg,64,46.13181818181818,18.510092734987886,0.07727272727272727
images (7).jpeg,1,97.36746143057503,32.209119584975554,0.3450210378681627
images (7).jpeg,2,101.78681626928471,36.46915729054309,0.32538569424964936
images (7).jpeg,3,109.44460028050491,36.734903048450725,0.34642356241234223
images (7).jpeg,4,83.00561009817672,40.933394014244605,0.2370266479663394
images (7).jpeg,5,81.22861150070126,40.588582264893574,0.23281907433380084
images (7).jpeg,6,125.77699859747545,54.17023634800383,0.14446002805049088
images (7).jpeg,7,114.74053295932679,42.78730131374435,0.14726507713884993
images (7).jpeg,8,88.23001402524544,26.391280533892196,0.2496493688639551
images (7).jpeg,9,98.81206171107995,29.991181880012775,0.3814866760168303
images (7).jpeg,10,74.66760168302946,37.86797433852695,0.2650771388499299
images (7).jpeg,11,90.29733520336606,37.83656751644113,0.3141654978962132
images (7).jpeg,12,113.66339410939692,37.109806633393006,0.3267882187938289
images (7).jpeg,13,66.71388499298737,22.264117526338318,0.06451612903225806
images (7).jpeg,14,76.36185133239832,21.329073401548445,0.030855539971949508
images (7).jpeg,15,74.16690042075736,25.469921177390994,0.18934081346423562
images (7).jpeg,16,99.17251051893408,23.998883249093197,0.27489481065918653
images (7).jpeg,17,92.56802244039271,22.11835278745576,0.1879382889200561
images (7).jpeg,18,55.05329593267882,21.160442823089173,0.21037868162692847
images (7).jpeg,19,76.14586255259466,45.354437571484766,0.20196353436185133
images (7).jpeg,20,120.68723702664796,42.81650161396357,0.3884992987377279
images (7).jpeg,21,101.66900420757364,40.32577515243995,0.30575035063113604
images (7).jpeg,22,73.28050490883591,18.22124813551571,0.0
images (7).jpeg,23,75.83309957924264,26.827984040918196,0.14726507713884993
images (7).jpeg,24,107.94670406732118,45.81779841753284,0.26928471248246844
images (7).jpeg,25,106.67321178120618,43.681957440269244,0.19214586255259467
images (7).jpeg,26,52.86395511921459,23.358412464985314,0.14726507713884993
images (7).jpeg,27,79.72931276297335,36.81054862387327,0.332398316970547
images (7).jpeg,28,91.58345021037869,67.42500155060327,0.25806451612903225
images (7).jpeg,29,119.945301542777,39.757872838961816,0.34221598877980364
images (7).jpeg,30,84.96072931276298,40.75288820198277,0.26788218793828894
images (7).jpeg,31,101.88639551192146,66.29239280392326,0.1640953716690042
images (7).jpeg,32,155.71809256661993,59.57399416400938,0.2061711079943899
images (7).jpeg,33,111.17671809256662,37.09329683020899,0.16269284712482468
images (7).jpeg,34,66.96353436185133,20.998465578530887,0.16690042075736325
images (7).jpeg,35,77.79943899018232,26.646570495663397,0.16549789621318373
images (7).jpeg,36,45.252454417952315,30.317454510117226,0.09396914446002805
images (7).jpeg,37,78.53997194950912,53.983051607599755,0.2959326788218794
images (7).jpeg,38,57.50490883590463,33.32357055576363,0.17812061711079943
images (7).jpeg,39,94.09957924263675,47.66626514551505,0.2370266479663394
images (7).jpeg,40,140.9242636746143,63.4965726702423,0.2061711079943899
images (7).jpeg,41,119.41935483870968,54.52139861831915,0.2005610098176718
images (7).jpeg,42,78.0140252454418,21.468652242256425,0.11640953716690042
images (7).jpeg,43,102.02524544179524,39.522457010027395,0.28330995792426367
images (7).jpeg,44,43.661991584852736,32.61483197929736,0.03506311360448808
images (7).jpeg,45,49.357643758765775,43.862366033485024,0.1949509116409537
images (7).jpeg,46,85.8625525946704,51.23047680211515,0.21739130434782608
images (7).jpeg,47,153.3015427769986,62.13208308088881,0.24403927068723702
images (7).jpeg,48,181.6577840112202,45.348123590529745,0.211781206171108
images (7).jpeg,49,173.25666199158485,63.575026972041854,0.2552594670406732
images (7).jpeg,50,147.0140252454418,69.25856446244813,0.2314165497896213
images (7).jpeg,51,168.90182328190744,65.3022869301112,0.2187938288920056
images (7).jpeg,52,65.34642356241234,48.98483369175989,0.19074333800841514
images (7).jpeg,53,19.58765778401122,9.169188250199726,0.019635343618513323
images (7).jpeg,54,67.21598877980365,46.61056976914831,0.0967741935483871
images (7).jpeg,55,171.5904628330996,69.43355683726207,0.15988779803646563
images (7).jpeg,56,212.4740532959327,44.135386666727676,0.1640953716690042
images (7).jpeg,57,124.67601683029453,55.278996057926264,0.2805049088359046
images (7).jpeg,58,190.09677419354838,59.29972744818204,0.2552594670406732
images (7).jpeg,59,210.71388499298737,43.56877223194194,0.2300140252454418
images (7).jpeg,60,107.19354838709677,60.77580821681885,0.26367461430575034
images (7).jpeg,61,26.967741935483872,18.09551787795561,0.02244039270687237
images (7).jpeg,62,71.3015427769986,54.315144098172595,0.1093969144460028
images (7).jpeg,63,180.2201963534362,43.11695873640362,0.22159887798036465
images (7).jpeg,64,199.91444600280505,43.78164904061435,0.2608695652173913
images (8).jpeg,1,113.73697916666667,3.6230004887154847,0.0
images (8).jpeg,2,120.95572916666667,2.951538879971368,0.0
images (8).jpeg,3,125.95833333333333,1.924576071646833,0.0
images (8).jpeg,4,127.38020833333333,1.7339213620953389,0.0
images (8).jpeg,5,129.64583333333334,4.003199675121001,0.0
images (8).jpeg,6,126.64583333333333,4.938906269498227,0.0
images (8).jpeg,7,122.67708333333333,4.325300547521397,0.0
images (8).jpeg,8,115.99739583333333,5.892261299222564,0.0
images (8).jpeg,9,107.09505208333333,15.489414278299465,0.0
images (8).jpeg,10,120.52734375,4.047476351918061,0.0
images (8).jpeg,11,119.98567708333333,2.1313759884305163,0.0
images (8).jpeg,12,121.49479166666667,2.794614232161073,0.0
images (8).jpeg,13,120.98828125,2.046622767935452,0.0
images (8).jpeg,14,122.17578125,3.5379765453549537,0.0
images (8).jpeg,15,123.23177083333333,7.246653752881347,0.0
images (8).jpeg,16,107.65364583333333,19.528620482714576,0.022135416666666668
images (8).jpeg,17,98.48046875,12.647036617205632,0.0
images (8).jpeg,18,107.98046875,14.819078489578002,0.018229166666666668
images (8).jpeg,19,107.09114583333333,17.84341687487011,0.1171875
images (8).jpeg,20,117.08723958333333,21.394823743258552,0.18359375
images (8).jpeg,21,84.66666666666667,21.540437585826545,0.009114583333333334
images (8).jpeg,22,106.94921875,14.182452274365264,0.0
images (8).jpeg,23,88.03776041666667,20.351465988987947,0.0
images (8).jpeg,24,84.12890625,20.51918050496602,0.0
images (8).jpeg,25,105.28515625,13.683958387947763,0.0
images (8).jpeg,26,98.34635416666667,14.564148234319529,0.049479166666666664
images (8).jpeg,27,96.49869791666667,27.875980894034548,0.265625
images (8).jpeg,28,104.08854166666667,16.592228789605006,0.10416666666666667
images (8).jpeg,29,92.16276041666667,22.14619556033872,0.08463541666666667
images (8).jpeg,30,88.50520833333333,12.452303750977054,0.02734375
images (8).jpeg,31,87.203125,15.47739920231136,0.0
images (8).jpeg,32,85.46223958333333,23.02051013011947,0.0
images (8).jpeg,33,110.06380208333333,22.096140361553996,0.0
images (8).jpeg,34,109.4921875,24.893208189480998,0.033854166666666664
images (8).jpeg,35,65.97395833333333,22.913545597126546,0.045572916666666664
images (8).jpeg,36,119.76302083333333,30.91324532798036,0.22916666666666666
images (8).jpeg,37,156.95442708333334,27.515843091316196,0.203125
images (8).jpeg,38,153.328125,31.746950979336187,0.22005208333333334
images (8).jpeg,39,88.02604166666667,33.733743754065166,0.044270833333333336
images (8).jpeg,40,79.57942708333333,25.064685974595807,0.041666666666666664
images (8).jpeg,41,157.20963541666666,12.106797370709247,0.0
images (8).jpeg,42,158.39713541666666,13.195834338058951,0.0
images (8).jpeg,43,110.29557291666667,54.05434554286639,0.05859375
images (8).jpeg,44,141.31770833333334,41.74230341929233,0.16015625
images (8).jpeg,45,132.015625,66.20442430477016,0.09375
images (8).jpeg,46,137.97526041666666,42.578030847723376,0.16796875
images (8).jpeg,47,141.53255208333334,29.14111647704215,0.046875
images (8).jpeg,48,146.77473958333334,27.903853479307895,0.0
images (8).jpeg,49,174.69661458333334,9.79545435592214,0.0
images (8).jpeg,50,180.78385416666666,8.26876966737289,0.0
images (8).jpeg,51,177.74869791666666,12.300411721276339,0.03125
images (8).jpeg,52,117.65234375,61.131157833370885,0.14973958333333334
images (8).jpeg,53,153.99869791666666,44.53139983451278,0.053385416666666664
images (8).jpeg,54,106.8515625,63.3942183849752,0.19010416666666666
images (8).jpeg,55,132.32161458333334,50.05160827728836,0.14583333333333334
images (8).jpeg,56,150.375,36.643162447674555,0.09895833333333333
images (8).jpeg,57,79.8046875,38.633303839140446,0.12890625
images (8).jpeg,58,69.43619791666667,36.71669539815408,0.08854166666666667
images (8).jpeg,59,67.30989583333333,29.048366742483406,0.046875
images (8).jpeg,60,62.067708333333336,23.851168274983873,0.07421875
images (8).jpeg,61,60.458333333333336,18.932743718812183,0.036458333333333336
images (8).jpeg,62,53.834635416666664,13.510316211618155,0.024739583333333332
images (8).jpeg,63,56.830729166666664,16.21085006669862,0.06770833333333333
images (8).jpeg,64,49.220052083333336,7.677738653446121,0.0
images (9).jpeg,1,64.28787878787878,30.056293220673865,0.28939393939393937
images (9).jpeg,2,68.8,26.354103814753174,0.3090909090909091
images (9).jpeg,3,73.5969696969697,32.17510787200005,0.26666666666666666
images (9).jpeg,4,81.44545454545455,30.521702074436497,0.29848484848484846
images (9).jpeg,5,90.53787878787878,31.702500929696836,0.3409090909090909
images (9).jpeg,6,80.0439393939394,39.188737670901716,0.29848484848484846
images (9).jpeg,7,76.4939393939394,37.35904774104312,0.3106060606060606
images (9).jpeg,8,52.196969696969695,18.398632769501123,0.12575757575757576
images (9).jpeg,9,57.46818181818182,20.25841881929217,0.21515151515151515
images (9).jpeg,10,67.97878787878788,24.776812933402528,0.3151515151515151
images (9).jpeg,11,71.16515151515152,32.132797331869234,0.2636363636363636
images (9).jpeg,12,76.00151515151515,28.460685230066442,0.33181818181818185
images (9).jpeg,13,72.44242424242424,25.196103959324926,0.3106060606060606
images (9).jpeg,14,76.07272727272728,30.679044992517163,0.2606060606060606
images (9).jpeg,15,66.10757575757576,28.40538153561143,0.2878787878787879
images (9).jpeg,16,56.36060606060606,20.43393552022742,0.15303030303030302
images (9).jpeg,17,54.67878787878788,16.734554300060434,0.10606060606060606
images (9).jpeg,18,65.6560606060606,27.967376171813488,0.27424242424242423
images (9).jpeg,19,64.23484848484848,24.895922706364704,0.20606060606060606
images (9).jpeg,20,75.4469696969697,28.116185997743145,0.3015151515151515
images (9).jpeg,21,76.9060606060606,40.96824667954838,0.25
images (9).jpeg,22,82.28636363636363,30.88941363405345,0.24393939393939393
images (9).jpeg,23,86.85909090909091,34.13298181610277,0.2878787878787879
images (9).jpeg,24,55.483333333333334,20.45330293644772,0.15606060606060607
images (9).jpeg,25,64.75,31.891239178865977,0.23333333333333334
images (9).jpeg,26,79.73484848484848,35.45061863128314,0.34545454545454546
images (9).jpeg,27,87.53484848484848,34.52917515809283,0.3378787878787879
images (9).jpeg,28,85.42727272727272,31.2479213633752,0.36818181818181817
images (9).jpeg,29,76.24545454545455,30.714477791515677,0.23484848484848486
images (9).jpeg,30,64.51666666666667,27.113253403105467,0.22727272727272727
images (9).jpeg,31,71.53939393939395,27.534770738698565,0.2818181818181818
images (9).jpeg,32,60.75606060606061,19.812596458328457,0.19545454545454546
images (9).jpeg,33,96.2469696969697,21.08463263235824,0.20454545454545456
images (9).jpeg,34,100.22121212121212,32.057375245357676,0.3333333333333333
images (9).jpeg,35,110.41969696969697,27.95057173859299,0.23030303030303031
images (9).jpeg,36,110.72878787878788,24.777569677771524,0.24848484848484848
images (9).jpeg,37,92.04242424242425,29.253148292656288,0.31212121212121213
images (9).jpeg,38,99.10606060606061,55.79582062872353,0.3106060606060606
images (9).jpeg,39,72.93030303030304,31.32205133620997,0.30303030303030304
images (9).jpeg,40,54.36060606060606,14.98080467543715,0.0696969696969697
images (9).jpeg,41,93.7060606060606,17.96541187602207,0.16666666666666666
images (9).jpeg,42,97.38181818181818,22.21130553713383,0.23484848484848486
images (9).jpeg,43,110.38484848484849,26.1916667433599,0.2545454545454545
images (9).jpeg,44,117.77121212121212,24.307264565392263,0.30303030303030304
images (9).jpeg,45,109.55757575757576,27.592511394074652,0.2787878787878788
images (9).jpeg,46,155.12878787878788,40.575034364523674,0.2196969696969697
images (9).jpeg,47,178.95757575757577,53.4161026130274,0.07424242424242425
images (9).jpeg,48,78.62727272727273,55.754661567454406,0.06818181818181818
images (9).jpeg,49,65.91515151515152,14.006667702510768,0.025757575757575757
images (9).jpeg,50,76.12727272727273,17.587500256979563,0.06818181818181818
images (9).jpeg,51,82.91818181818182,23.88094148879362,0.22121212121212122
images (9).jpeg,52,89.51060606060607,30.021480334101984,0.31212121212121213
images (9).jpeg,53,98.04242424242425,24.777641807020057,0.2818181818181818
images (9).jpeg,54,99.90151515151516,33.9300215346333,0.23636363636363636
images (9).jpeg,55,161.3378787878788,48.84452224227622,0.19242424242424241
images (9).jpeg,56,92.24090909090908,49.1154591391171,0.11515151515151516
images (9).jpeg,57,55.43484848484849,11.704842204730879,0.07727272727272727
images (9).jpeg,58,61.68636363636364,14.197315008251602,0.08787878787878788
images (9).jpeg,59,67.30454545454545,13.016876362934921,0.04242424242424243
images (9).jpeg,60,83.69848484848485,22.858623413735625,0.21363636363636362
images (9).jpeg,61,88.78484848484848,18.05729301522377,0.15151515151515152
images (9).jpeg,62,77.05757575757576,15.986348917085673,0.1484848484848485
images (9).jpeg,63,83.37727272727273,20.544521465805747,0.2318181818181818
images (9).jpeg,64,64.67424242424242,14.712443821947383,0.031818181818181815
images.jpeg,1,44.092424242424244,14.665428431953348,0.01818181818181818
images.jpeg,2,43.845454545454544,19.9696070720375,0.14393939393939395
images.jpeg,3,62.13030303030303,17.203716738110472,0.0893939393939394
images.jpeg,4,57.67727272727273,12.152207624038565,0.012121212121212121
images.jpeg,5,65.33484848484848,15.372496025953373,0.051515151515151514
images.jpeg,6,73.64090909090909,14.123475806986162,0.02878787878787879
images.jpeg,7,85.2469696969697,15.181065955476784,0.01818181818181818
images.jpeg,8,103.08181818181818,22.208297037374916,0.14696969696969697
images.jpeg,9,34.586363636363636,12.713633655106372,0.0
images.jpeg,10,48.43181818181818,41.152044976952524,0.0696969696969697
images.jpeg,11,50.25151515151515,15.15176999785676,0.03939393939393939
images.jpeg,12,65.19393939393939,15.439381746805786,0.09393939393939393
images.jpeg,13,84.44090909090909,44.235983834885154,0.15454545454545454
images.jpeg,14,83.41363636363636,41.30136980032164,0.2015151515151515
images.jpeg,15,83.23636363636363,25.53574818292403,0.1393939393939394
images.jpeg,16,76.32727272727273,23.790031942700512,0.1606060606060606
images.jpeg,17,47.81969696969697,14.497206833344784,0.05909090909090909
images.jpeg,18,119.89696969696969,57.33930105401284,0.3560606060606061
images.jpeg,19,98.06818181818181,57.550082692436995,0.35909090909090907
images.jpeg,20,71.26515151515152,14.018742783126717,0.07575757575757576
images.jpeg,21,106.45757575757575,50.22325629537503,0.2515151515151515
images.jpeg,22,116.53484848484848,69.8861649993071,0.36363636363636365
images.jpeg,23,90.62272727272727,41.7556938431103,0.296969696969697
images.jpeg,24,78.7469696969697,21.254544752486357,0.1893939393939394
images.jpeg,25,45.53636363636364,12.528036876900574,0.0
images.jpeg,26,114.00151515151515,46.166972953007324,0.2878787878787879
images.jpeg,27,114.9530303030303,69.99897774079746,0.36818181818181817
images.jpeg,28,63.874242424242425,24.432298609323887,0.23636363636363636
images.jpeg,29,112.4060606060606,41.26975515485622,0.21363636363636362
images.jpeg,30,117.14090909090909,65.70168919297218,0.3151515151515151
images.jpeg,31,135.1969696969697,64.3516427934144,0.33636363636363636
images.jpeg,32,74.77727272727273,26.62979247210609,0.2196969696969697
images.jpeg,33,94.30757575757576,44.63159911517393,0.2727272727272727
images.jpeg,34,129.21363636363637,61.1104424602371,0.3606060606060606
images.jpeg,35,131.8030303030303,58.27630624537851,0.3378787878787879
images.jpeg,36,84.4560606060606,29.87239847320234,0.25757575757575757
images.jpeg,37,123.93787878787879,62.283059288126964,0.37424242424242427
images.jpeg,38,132.47575757575757,66.27070988047768,0.3409090909090909
images.jpeg,39,149.82575757575756,59.27776120022523,0.23939393939393938
images.jpeg,40,79.64090909090909,31.319997858240995,0.22121212121212122
images.jpeg,41,117.55151515151515,26.837254987797717,0.14696969696969697
images.jpeg,42,145.55,60.27232831578734,0.29393939393939394
images.jpeg,43,150.31060606060606,43.055202862976785,0.21515151515151515
images.jpeg,44,73.54848484848485,34.84901303947542,0.21515151515151515
images.jpeg,45,124.48939393939393,80.96088585870729,0.2863636363636364
images.jpeg,46,180.96515151515152,65.8352419955559,0.2924242424242424
images.jpeg,47,131.58333333333334,35.20628423300234,0.10606060606060606
images.jpeg,48,98.16666666666667,29.525635155117854,0.2
images.jpeg,49,110.2939393939394,24.340793037477162,0.2787878787878788
images.jpeg,50,162.68333333333334,52.306567417003144,0.23333333333333334
images.jpeg,51,161.0909090909091,30.468825236539164,0.17727272727272728
images.jpeg,52,128.4348484848485,69.9344953085954,0.23030303030303031
images.jpeg,53,179.91060606060606,61.5305507483093,0.2787878787878788
images.jpeg,54,168.2969696969697,46.667907893764635,0.12272727272727273
images.jpeg,55,109.36818181818182,28.095279766876562,0.17424242424242425
images.jpeg,56,109.10303030303031,36.20746185315351,0.17575757575757575
images.jpeg,57,117.17272727272727,27.074764866236297,0.20909090909090908
images.jpeg,58,144.98030303030302,20.67976407825812,0.22727272727272727
images.jpeg,59,146.9439393939394,41.642070178169575,0.3303030303030303
images.jpeg,60,152.94848484848484,30.55705662896098,0.10757575757575757
images.jpeg,61,132.97272727272727,31.920296314483167,0.16363636363636364
images.jpeg,62,122.63484848484849,29.958531907754633,0.10454545454545454
images.jpeg,63,117.0878787878788,41.98814592871138,0.15151515151515152
images.jpeg,64,171.4,57.83026889095364,0.15303030303030302
photo.jpg,1,58.92614555256065,23.926052767771782,0.16954177897574124
photo.jpg,2,41.457142857142856,19.046960590595543,0.08328840970350404
photo.jpg,3,39.68490566037736,24.909229579666967,0.00431266846361186
photo.jpg,4,58.55956873315364,33.546163772585615,0.07628032345013477
photo.jpg,5,80.81698113207547,30.8883858449218,0.03557951482479784
photo.jpg,6,69.60700808625337,25.32945728617835,0.08517520215633423
photo.jpg,7,79.49541778975741,32.119442777549494,0.15417789757412398
photo.jpg,8,88.45714285714286,26.4110707700801,0.0522911051212938
photo.jpg,9,75.14743935309973,23.645006827880742,0.18436657681940702
photo.jpg,10,52.42210242587601,26.429742024929674,0.1450134770889488
photo.jpg,11,58.31940700808625,28.758528573035452,0.01940700808625337
photo.jpg,12,73.55363881401617,42.318726542029665,0.1339622641509434
photo.jpg,13,91.53180592991913,31.005041529445826,0.04797843665768194
photo.jpg,14,94.48382749326146,29.42781624887903,0.14043126684636117
photo.jpg,15,80.23854447439354,28.570251469675146,0.09649595687331536
photo.jpg,16,88.34016172506739,29.57639254879236,0.02587601078167116
photo.jpg,17,80.49757412398922,24.08428303962805,0.1830188679245283
photo.jpg,18,44.4366576819407,24.12383044414615,0.08975741239892183
photo.jpg,19,79.15202156334232,22.693589224055216,0.004582210242587601
photo.jpg,20,73.66145552560647,39.46089124062059,0.13827493261455526
photo.jpg,21,123.33153638814017,61.85177963705038,0.16307277628032346
photo.jpg,22,73.79865229110513,33.0076058916911,0.10026954177897573
photo.jpg,23,58.80431266846361,26.228859699410286,0.04905660377358491
photo.jpg,24,76.14150943396227,34.14443993265377,0.049326145552560645
photo.jpg,25,76.14150943396227,26.506006579332237,0.12533692722371967
photo.jpg,26,44.9900269541779,17.824047408964365,0.020754716981132074
photo.jpg,27,75.44123989218329,21.002032312752544,0.0
photo.jpg,28,60.482479784366575,32.92041518827988,0.09164420485175202
photo.jpg,29,113.15256064690027,58.511167986610666,0.30916442048517523
photo.jpg,30,70.33423180592992,31.748020514988337,0.08544474393530997
photo.jpg,31,51.82021563342318,27.84845920831083,0.027223719676549865
photo.jpg,32,82.4088948787062,34.830613244591895,0.052830188679245285
photo.jpg,33,70.22830188679245,34.85424262055912,0.07951482479784366
photo.jpg,34,50.38517520215633,21.38082739805382,0.015363881401617251
photo.jpg,35,75.95633423180593,22.06304936333697,0.004582210242587601
photo.jpg,36,77.33342318059299,42.284852785297566,0.14824797843665768
photo.jpg,37,88.5867924528302,57.53283734295145,0.26037735849056604
photo.jpg,38,93.86927223719677,37.579477671436074,0.1940700808625337
photo.jpg,39,79.41347708894878,30.226600297385165,0.05714285714285714
photo.jpg,40,100.52021563342318,25.77518386854971,0.010512129380053909
photo.jpg,41,96.29514824797843,32.380619693214136,0.12560646900269543
photo.jpg,42,111.23477088948788,30.260355045524516,0.14070080862533693
photo.jpg,43,117.52345013477088,36.791389256272225,0.12021563342318059
photo.jpg,44,83.83099730458221,47.941785889924425,0.16576819407008087
photo.jpg,45,65.3932614555256,34.74519195939954,0.1471698113207547
photo.jpg,46,108.99541778975741,33.11995238296261,0.14285714285714285
photo.jpg,47,95.94393530997304,38.19510255839025,0.15444743935309974
photo.jpg,48,110.63504043126684,22.93795595472959,0.05202156334231806
photo.jpg,49,118.41752021563342,35.531931128208136,0.22722371967654986
photo.jpg,50,132.49433962264152,37.161704562888765,0.23962264150943396
photo.jpg,51,141.7199460916442,34.59080796518673,0.21725067385444743
photo.jpg,52,102.7622641509434,52.32844726071362,0.22452830188679246
photo.jpg,53,66.53099730458221,45.80289994029519,0.21185983827493263
photo.jpg,54,114.48571428571428,45.279017420433014,0.23234501347708894
photo.jpg,55,110.52506738544474,36.926462832777155,0.25309973045822104
photo.jpg,56,125.80377358490566,28.16141932361904,0.1862533692722372
photo.jpg,57,122.82291105121294,36.60144729496947,0.22587601078167116
photo.jpg,58,131.81590296495958,36.221902436211174,0.22210242587601078
photo.jpg,59,125.31752021563342,31.99153341998879,0.19056603773584907
photo.jpg,60,135.36307277628032,38.33150176050669,0.23315363881401618
photo.jpg,61,118.44474393530997,33.82041590035485,0.17493261455525608
photo.jpg,62,129.54797843665767,30.46587485948357,0.2064690026954178
photo.jpg,63,146.36522911051213,38.694205513376154,0.22857142857142856
photo.jpg,64,117.13746630727763,32.40508384203799,0.1334231805929919
